"","eventID","higherGeography","site","verbatimLocality","locality","year","eventDate","minimumDepthinMeters","maximumDepthinMeters","samplingProtocol","samplingEffort","sampleSizeValue","decimalLongitude","decimalLatitude","geodeticDatum","Country","countryCode"
"1","BR:ReefSYN:SISBIOTA-MAR:BrazilianCoast:abrolhos_chapeirao_2010_Video10","BrazilianCoast","abrolhos","chapeirao","chapeirao",2010,2010-03-04,1,7,"photoquadrats",5,0.0625,-38.6625,-17.96277778,"decimal degrees","Brazil","BR"
"2","BR:ReefSYN:SISBIOTA-MAR:BrazilianCoast:abrolhos_chapeirao_2010_Video12","BrazilianCoast","abrolhos","chapeirao","chapeirao",2010,2010-03-04,1,7,"photoquadrats",5,0.0625,-38.6625,-17.96277778,"decimal degrees","Brazil","BR"
"3","BR:ReefSYN:SISBIOTA-MAR:BrazilianCoast:abrolhos_chapeirao_2010_Video13","BrazilianCoast","abrolhos","chapeirao","chapeirao",2010,2010-03-04,1,7,"photoquadrats",5,0.0625,-38.6625,-17.96277778,"decimal degrees","Brazil","BR"
"4","BR:ReefSYN:SISBIOTA-MAR:BrazilianCoast:abrolhos_chapeirao_2010_Video14","BrazilianCoast","abrolhos","chapeirao","chapeirao",2010,2010-03-04,1,7,"photoquadrats",5,0.0625,-38.6625,-17.96277778,"decimal degrees","Brazil","BR"
"5","BR:ReefSYN:SISBIOTA-MAR:BrazilianCoast:abrolhos_chapeirao_2010_Video15","BrazilianCoast","abrolhos","chapeirao","chapeirao",2010,2010-03-04,1,7,"photoquadrats",5,0.0625,-38.6625,-17.96277778,"decimal degrees","Brazil","BR"
"6","BR:ReefSYN:SISBIOTA-MAR:BrazilianCoast:abrolhos_chapeirao_2010_Video17","BrazilianCoast","abrolhos","chapeirao","chapeirao",2010,2010-03-04,1,7,"photoquadrats",5,0.0625,-38.6625,-17.96277778,"decimal degrees","Brazil","BR"
"7","BR:ReefSYN:SISBIOTA-MAR:BrazilianCoast:abrolhos_chapeirao_2010_Video23","BrazilianCoast","abrolhos","chapeirao","chapeirao",2010,2010-03-04,1,7,"photoquadrats",5,0.0625,-38.6625,-17.96277778,"decimal degrees","Brazil","BR"
"8","BR:ReefSYN:SISBIOTA-MAR:BrazilianCoast:abrolhos_chapeirao_2010_Video24","BrazilianCoast","abrolhos","chapeirao","chapeirao",2010,2010-03-04,1,7,"photoquadrats",5,0.0625,-38.6625,-17.96277778,"decimal degrees","Brazil","BR"
"9","BR:ReefSYN:SISBIOTA-MAR:BrazilianCoast:abrolhos_chapeirao_2010_Video25","BrazilianCoast","abrolhos","chapeirao","chapeirao",2010,2010-03-04,1,7,"photoquadrats",5,0.0625,-38.6625,-17.96277778,"decimal degrees","Brazil","BR"
"10","BR:ReefSYN:SISBIOTA-MAR:BrazilianCoast:abrolhos_chapeirao_2010_Video3","BrazilianCoast","abrolhos","chapeirao","chapeirao",2010,2010-03-04,1,7,"photoquadrats",5,0.0625,-38.6625,-17.96277778,"decimal degrees","Brazil","BR"
"11","BR:ReefSYN:SISBIOTA-MAR:BrazilianCoast:abrolhos_chapeirao_2010_Video5","BrazilianCoast","abrolhos","chapeirao","chapeirao",2010,2010-03-04,1,7,"photoquadrats",5,0.0625,-38.6625,-17.96277778,"decimal degrees","Brazil","BR"
"12","BR:ReefSYN:SISBIOTA-MAR:BrazilianCoast:abrolhos_chapeirao_2010_Video6","BrazilianCoast","abrolhos","chapeirao","chapeirao",2010,2010-03-04,1,7,"photoquadrats",5,0.0625,-38.6625,-17.96277778,"decimal degrees","Brazil","BR"
"13","BR:ReefSYN:SISBIOTA-MAR:BrazilianCoast:abrolhos_chapeirao_2010_Video7","BrazilianCoast","abrolhos","chapeirao","chapeirao",2010,2010-03-04,1,7,"photoquadrats",5,0.0625,-38.6625,-17.96277778,"decimal degrees","Brazil","BR"
"14","BR:ReefSYN:SISBIOTA-MAR:BrazilianCoast:abrolhos_chapeirao_2010_Video8","BrazilianCoast","abrolhos","chapeirao","chapeirao",2010,2010-03-04,1,7,"photoquadrats",5,0.0625,-38.6625,-17.96277778,"decimal degrees","Brazil","BR"
"15","BR:ReefSYN:SISBIOTA-MAR:BrazilianCoast:abrolhos_chapeirao_2010_Video9","BrazilianCoast","abrolhos","chapeirao","chapeirao",2010,2010-03-04,1,7,"photoquadrats",5,0.0625,-38.6625,-17.96277778,"decimal degrees","Brazil","BR"
"16","BR:ReefSYN:SISBIOTA-MAR:BrazilianCoast:abrolhos_portinho_norte_2010_Video1","BrazilianCoast","abrolhos","portinho_norte","portinho_norte",2010,2010-03-05,1,7,"photoquadrats",5,0.0625,-38.69777778,-17.96138889,"decimal degrees","Brazil","BR"
"17","BR:ReefSYN:SISBIOTA-MAR:BrazilianCoast:abrolhos_portinho_norte_2010_Video10","BrazilianCoast","abrolhos","portinho_norte","portinho_norte",2010,2010-03-05,1,7,"photoquadrats",5,0.0625,-38.69777778,-17.96138889,"decimal degrees","Brazil","BR"
"18","BR:ReefSYN:SISBIOTA-MAR:BrazilianCoast:abrolhos_portinho_norte_2010_Video11","BrazilianCoast","abrolhos","portinho_norte","portinho_norte",2010,2010-03-05,1,7,"photoquadrats",5,0.0625,-38.69777778,-17.96138889,"decimal degrees","Brazil","BR"
"19","BR:ReefSYN:SISBIOTA-MAR:BrazilianCoast:abrolhos_portinho_norte_2010_Video12","BrazilianCoast","abrolhos","portinho_norte","portinho_norte",2010,2010-03-05,1,7,"photoquadrats",5,0.0625,-38.69777778,-17.96138889,"decimal degrees","Brazil","BR"
"20","BR:ReefSYN:SISBIOTA-MAR:BrazilianCoast:abrolhos_portinho_norte_2010_Video13","BrazilianCoast","abrolhos","portinho_norte","portinho_norte",2010,2010-03-05,1,7,"photoquadrats",5,0.0625,-38.69777778,-17.96138889,"decimal degrees","Brazil","BR"
"21","BR:ReefSYN:SISBIOTA-MAR:BrazilianCoast:abrolhos_portinho_norte_2010_Video14","BrazilianCoast","abrolhos","portinho_norte","portinho_norte",2010,2010-03-05,1,7,"photoquadrats",5,0.0625,-38.69777778,-17.96138889,"decimal degrees","Brazil","BR"
"22","BR:ReefSYN:SISBIOTA-MAR:BrazilianCoast:abrolhos_portinho_norte_2010_Video15","BrazilianCoast","abrolhos","portinho_norte","portinho_norte",2010,2010-03-05,1,7,"photoquadrats",5,0.0625,-38.69777778,-17.96138889,"decimal degrees","Brazil","BR"
"23","BR:ReefSYN:SISBIOTA-MAR:BrazilianCoast:abrolhos_portinho_norte_2010_Video2","BrazilianCoast","abrolhos","portinho_norte","portinho_norte",2010,2010-03-05,1,7,"photoquadrats",5,0.0625,-38.69777778,-17.96138889,"decimal degrees","Brazil","BR"
"24","BR:ReefSYN:SISBIOTA-MAR:BrazilianCoast:abrolhos_portinho_norte_2010_Video24","BrazilianCoast","abrolhos","portinho_norte","portinho_norte",2010,2010-03-05,1,7,"photoquadrats",5,0.0625,-38.69777778,-17.96138889,"decimal degrees","Brazil","BR"
"25","BR:ReefSYN:SISBIOTA-MAR:BrazilianCoast:abrolhos_portinho_norte_2010_Video25","BrazilianCoast","abrolhos","portinho_norte","portinho_norte",2010,2010-03-05,1,7,"photoquadrats",5,0.0625,-38.69777778,-17.96138889,"decimal degrees","Brazil","BR"
"26","BR:ReefSYN:SISBIOTA-MAR:BrazilianCoast:abrolhos_portinho_norte_2010_Video4","BrazilianCoast","abrolhos","portinho_norte","portinho_norte",2010,2010-03-05,1,7,"photoquadrats",5,0.0625,-38.69777778,-17.96138889,"decimal degrees","Brazil","BR"
"27","BR:ReefSYN:SISBIOTA-MAR:BrazilianCoast:abrolhos_portinho_norte_2010_Video5","BrazilianCoast","abrolhos","portinho_norte","portinho_norte",2010,2010-03-05,1,7,"photoquadrats",5,0.0625,-38.69777778,-17.96138889,"decimal degrees","Brazil","BR"
"28","BR:ReefSYN:SISBIOTA-MAR:BrazilianCoast:abrolhos_portinho_norte_2010_Video6","BrazilianCoast","abrolhos","portinho_norte","portinho_norte",2010,2010-03-05,1,7,"photoquadrats",5,0.0625,-38.69777778,-17.96138889,"decimal degrees","Brazil","BR"
"29","BR:ReefSYN:SISBIOTA-MAR:BrazilianCoast:abrolhos_portinho_norte_2010_Video8","BrazilianCoast","abrolhos","portinho_norte","portinho_norte",2010,2010-03-05,1,7,"photoquadrats",5,0.0625,-38.69777778,-17.96138889,"decimal degrees","Brazil","BR"
"30","BR:ReefSYN:SISBIOTA-MAR:BrazilianCoast:abrolhos_portinho_norte_2010_Video9","BrazilianCoast","abrolhos","portinho_norte","portinho_norte",2010,2010-03-05,1,7,"photoquadrats",5,0.0625,-38.69777778,-17.96138889,"decimal degrees","Brazil","BR"
"31","BR:ReefSYN:SISBIOTA-MAR:BrazilianCoast:abrolhos_siriba_2011_Video1","BrazilianCoast","abrolhos","siriba","siriba",2011,2011-03-02,1,7,"photoquadrats",5,0.0625,-38.71583333,-17.97055556,"decimal degrees","Brazil","BR"
"32","BR:ReefSYN:SISBIOTA-MAR:BrazilianCoast:abrolhos_siriba_2011_Video10","BrazilianCoast","abrolhos","siriba","siriba",2011,2011-03-02,1,7,"photoquadrats",5,0.0625,-38.71583333,-17.97055556,"decimal degrees","Brazil","BR"
"33","BR:ReefSYN:SISBIOTA-MAR:BrazilianCoast:abrolhos_siriba_2011_Video11","BrazilianCoast","abrolhos","siriba","siriba",2011,2011-03-02,1,7,"photoquadrats",5,0.0625,-38.71583333,-17.97055556,"decimal degrees","Brazil","BR"
"34","BR:ReefSYN:SISBIOTA-MAR:BrazilianCoast:abrolhos_siriba_2011_Video12","BrazilianCoast","abrolhos","siriba","siriba",2011,2011-03-02,1,7,"photoquadrats",5,0.0625,-38.71583333,-17.97055556,"decimal degrees","Brazil","BR"
"35","BR:ReefSYN:SISBIOTA-MAR:BrazilianCoast:abrolhos_siriba_2011_Video13","BrazilianCoast","abrolhos","siriba","siriba",2011,2011-03-02,1,7,"photoquadrats",5,0.0625,-38.71583333,-17.97055556,"decimal degrees","Brazil","BR"
"36","BR:ReefSYN:SISBIOTA-MAR:BrazilianCoast:abrolhos_siriba_2011_Video14","BrazilianCoast","abrolhos","siriba","siriba",2011,2011-03-02,1,7,"photoquadrats",5,0.0625,-38.71583333,-17.97055556,"decimal degrees","Brazil","BR"
"37","BR:ReefSYN:SISBIOTA-MAR:BrazilianCoast:abrolhos_siriba_2011_Video15","BrazilianCoast","abrolhos","siriba","siriba",2011,2011-03-02,1,7,"photoquadrats",5,0.0625,-38.71583333,-17.97055556,"decimal degrees","Brazil","BR"
"38","BR:ReefSYN:SISBIOTA-MAR:BrazilianCoast:abrolhos_siriba_2011_Video17","BrazilianCoast","abrolhos","siriba","siriba",2011,2011-03-02,1,7,"photoquadrats",5,0.0625,-38.71583333,-17.97055556,"decimal degrees","Brazil","BR"
"39","BR:ReefSYN:SISBIOTA-MAR:BrazilianCoast:abrolhos_siriba_2011_Video2","BrazilianCoast","abrolhos","siriba","siriba",2011,2011-03-02,1,7,"photoquadrats",5,0.0625,-38.71583333,-17.97055556,"decimal degrees","Brazil","BR"
"40","BR:ReefSYN:SISBIOTA-MAR:BrazilianCoast:abrolhos_siriba_2011_Video3","BrazilianCoast","abrolhos","siriba","siriba",2011,2011-03-02,1,7,"photoquadrats",5,0.0625,-38.71583333,-17.97055556,"decimal degrees","Brazil","BR"
"41","BR:ReefSYN:SISBIOTA-MAR:BrazilianCoast:abrolhos_siriba_2011_Video4","BrazilianCoast","abrolhos","siriba","siriba",2011,2011-03-02,1,7,"photoquadrats",5,0.0625,-38.71583333,-17.97055556,"decimal degrees","Brazil","BR"
"42","BR:ReefSYN:SISBIOTA-MAR:BrazilianCoast:abrolhos_siriba_2011_Video5","BrazilianCoast","abrolhos","siriba","siriba",2011,2011-03-02,1,7,"photoquadrats",5,0.0625,-38.71583333,-17.97055556,"decimal degrees","Brazil","BR"
"43","BR:ReefSYN:SISBIOTA-MAR:BrazilianCoast:abrolhos_siriba_2011_Video6","BrazilianCoast","abrolhos","siriba","siriba",2011,2011-03-02,1,7,"photoquadrats",5,0.0625,-38.71583333,-17.97055556,"decimal degrees","Brazil","BR"
"44","BR:ReefSYN:SISBIOTA-MAR:BrazilianCoast:abrolhos_siriba_2011_Video8","BrazilianCoast","abrolhos","siriba","siriba",2011,2011-03-02,1,7,"photoquadrats",5,0.0625,-38.71583333,-17.97055556,"decimal degrees","Brazil","BR"
"45","BR:ReefSYN:SISBIOTA-MAR:BrazilianCoast:abrolhos_siriba_2011_Video9","BrazilianCoast","abrolhos","siriba","siriba",2011,2011-03-02,1,7,"photoquadrats",5,0.0625,-38.71583333,-17.97055556,"decimal degrees","Brazil","BR"
"46","BR:ReefSYN:SISBIOTA-MAR:BrazilianCoast:alcatrazes_portinho_sudoeste_2010_Video1","BrazilianCoast","alcatrazes","portinho_sudoeste","portinho_sudoeste",2010,2010-03-05,3.8,10.2,"photoquadrats",5,0.0625,-45.702491,-24.105182,"decimal degrees","Brazil","BR"
"47","BR:ReefSYN:SISBIOTA-MAR:BrazilianCoast:alcatrazes_portinho_sudoeste_2010_Video2","BrazilianCoast","alcatrazes","portinho_sudoeste","portinho_sudoeste",2010,2010-03-05,3.8,10.2,"photoquadrats",5,0.0625,-45.702491,-24.105182,"decimal degrees","Brazil","BR"
"48","BR:ReefSYN:SISBIOTA-MAR:BrazilianCoast:alcatrazes_portinho_sudoeste_2010_Video3","BrazilianCoast","alcatrazes","portinho_sudoeste","portinho_sudoeste",2010,2010-03-05,5.2,11.8,"photoquadrats",5,0.0625,-45.702491,-24.105182,"decimal degrees","Brazil","BR"
"49","BR:ReefSYN:SISBIOTA-MAR:BrazilianCoast:alcatrazes_portinho_sudoeste_2010_Video4","BrazilianCoast","alcatrazes","portinho_sudoeste","portinho_sudoeste",2010,2010-03-05,5.2,11.8,"photoquadrats",5,0.0625,-45.702491,-24.105182,"decimal degrees","Brazil","BR"
"50","BR:ReefSYN:SISBIOTA-MAR:BrazilianCoast:alcatrazes_portinho_sudoeste_2010_Video5","BrazilianCoast","alcatrazes","portinho_sudoeste","portinho_sudoeste",2010,2010-03-05,1,7,"photoquadrats",5,0.0625,-45.702491,-24.105182,"decimal degrees","Brazil","BR"
"51","BR:ReefSYN:SISBIOTA-MAR:BrazilianCoast:alcatrazes_portinho_sudoeste_2010_Video6","BrazilianCoast","alcatrazes","portinho_sudoeste","portinho_sudoeste",2010,2010-03-05,1,7,"photoquadrats",5,0.0625,-45.702491,-24.105182,"decimal degrees","Brazil","BR"
"52","BR:ReefSYN:SISBIOTA-MAR:BrazilianCoast:arraial_anequim_2010_","BrazilianCoast","arraial","anequim","anequim",2010,2010-04-17,1,7,"photoquadrats",5,0.0625,-41.984482,-22.980484,"decimal degrees","Brazil","BR"
"53","BR:ReefSYN:SISBIOTA-MAR:BrazilianCoast:arraial_anequim_2010_Video1","BrazilianCoast","arraial","anequim","anequim",2010,2010-04-17,5.66666666666667,12.3333333333333,"photoquadrats",5,0.0625,-41.984482,-22.980484,"decimal degrees","Brazil","BR"
"54","BR:ReefSYN:SISBIOTA-MAR:BrazilianCoast:arraial_anequim_2010_Video2","BrazilianCoast","arraial","anequim","anequim",2010,2010-04-17,3.33333333333333,9.66666666666667,"photoquadrats",5,0.0625,-41.984482,-22.980484,"decimal degrees","Brazil","BR"
"55","BR:ReefSYN:SISBIOTA-MAR:BrazilianCoast:arraial_anequim_2010_Video3","BrazilianCoast","arraial","anequim","anequim",2010,2010-04-17,1,7,"photoquadrats",5,0.0625,-41.984482,-22.980484,"decimal degrees","Brazil","BR"
"56","BR:ReefSYN:SISBIOTA-MAR:BrazilianCoast:arraial_anequim_2010_Video4","BrazilianCoast","arraial","anequim","anequim",2010,2010-04-17,5.2,11.8,"photoquadrats",5,0.0625,-41.984482,-22.980484,"decimal degrees","Brazil","BR"
"57","BR:ReefSYN:SISBIOTA-MAR:BrazilianCoast:arraial_anequim_2010_Video5","BrazilianCoast","arraial","anequim","anequim",2010,2010-04-17,4.5,11,"photoquadrats",5,0.0625,-41.984482,-22.980484,"decimal degrees","Brazil","BR"
"58","BR:ReefSYN:SISBIOTA-MAR:BrazilianCoast:arraial_cardeiros_2010_Video1","BrazilianCoast","arraial","cardeiros","cardeiros",2010,2010-04-16,3.33333333333333,9.66666666666667,"photoquadrats",5,0.0625,-42.00165556,-22.96514167,"decimal degrees","Brazil","BR"
"59","BR:ReefSYN:SISBIOTA-MAR:BrazilianCoast:arraial_cardeiros_2010_Video2","BrazilianCoast","arraial","cardeiros","cardeiros",2010,2010-04-16,3.33333333333333,9.66666666666667,"photoquadrats",5,0.0625,-42.00165556,-22.96514167,"decimal degrees","Brazil","BR"
"60","BR:ReefSYN:SISBIOTA-MAR:BrazilianCoast:arraial_cardeiros_2010_Video3","BrazilianCoast","arraial","cardeiros","cardeiros",2010,2010-04-16,4,10.4285714285714,"photoquadrats",5,0.0625,-42.00165556,-22.96514167,"decimal degrees","Brazil","BR"
"61","BR:ReefSYN:SISBIOTA-MAR:BrazilianCoast:arraial_cardeiros_2010_Video4","BrazilianCoast","arraial","cardeiros","cardeiros",2010,2010-04-16,8,15,"photoquadrats",5,0.0625,-42.00165556,-22.96514167,"decimal degrees","Brazil","BR"
"62","BR:ReefSYN:SISBIOTA-MAR:BrazilianCoast:arraial_cardeiros_2010_Video5","BrazilianCoast","arraial","cardeiros","cardeiros",2010,2010-04-16,8,15,"photoquadrats",5,0.0625,-42.00165556,-22.96514167,"decimal degrees","Brazil","BR"
"63","BR:ReefSYN:SISBIOTA-MAR:BrazilianCoast:arraial_porcos_oeste_2010_Video1","BrazilianCoast","arraial","porcos_oeste","porcos_oeste",2010,2010-04-18,2.75,9,"photoquadrats",5,0.0625,-41.993723,-22.96573,"decimal degrees","Brazil","BR"
"64","BR:ReefSYN:SISBIOTA-MAR:BrazilianCoast:arraial_porcos_oeste_2010_Video2","BrazilianCoast","arraial","porcos_oeste","porcos_oeste",2010,2010-04-18,2.75,9,"photoquadrats",5,0.0625,-41.993723,-22.96573,"decimal degrees","Brazil","BR"
"65","BR:ReefSYN:SISBIOTA-MAR:BrazilianCoast:arraial_porcos_oeste_2010_Video3","BrazilianCoast","arraial","porcos_oeste","porcos_oeste",2010,2010-04-18,1,7,"photoquadrats",5,0.0625,-41.993723,-22.96573,"decimal degrees","Brazil","BR"
"66","BR:ReefSYN:SISBIOTA-MAR:BrazilianCoast:arraial_porcos_oeste_2010_Video4","BrazilianCoast","arraial","porcos_oeste","porcos_oeste",2010,2010-04-19,5.66666666666667,12.3333333333333,"photoquadrats",5,0.0625,-41.993723,-22.96573,"decimal degrees","Brazil","BR"
"67","BR:ReefSYN:SISBIOTA-MAR:BrazilianCoast:arraial_porcos_oeste_2010_Video5","BrazilianCoast","arraial","porcos_oeste","porcos_oeste",2010,2010-04-19,6.25,13,"photoquadrats",5,0.0625,-41.993723,-22.96573,"decimal degrees","Brazil","BR"
"68","BR:ReefSYN:SISBIOTA-MAR:BrazilianCoast:btds_santos_farol_da_barra_2012_Video1","BrazilianCoast","btds_santos","farol_da_barra","farol_da_barra",2012,NA,1,7,"photoquadrats",5,0.0625,-38.530833,-13.008333,"decimal degrees","Brazil","BR"
"69","BR:ReefSYN:SISBIOTA-MAR:BrazilianCoast:btds_santos_farol_da_barra_2012_Video2","BrazilianCoast","btds_santos","farol_da_barra","farol_da_barra",2012,NA,1,7,"photoquadrats",5,0.0625,-38.530833,-13.008333,"decimal degrees","Brazil","BR"
"70","BR:ReefSYN:SISBIOTA-MAR:BrazilianCoast:btds_santos_farol_da_barra_2012_Video3","BrazilianCoast","btds_santos","farol_da_barra","farol_da_barra",2012,NA,1,7,"photoquadrats",5,0.0625,-38.530833,-13.008333,"decimal degrees","Brazil","BR"
"71","BR:ReefSYN:SISBIOTA-MAR:BrazilianCoast:btds_santos_farol_da_barra_2012_Video4","BrazilianCoast","btds_santos","farol_da_barra","farol_da_barra",2012,NA,1,7,"photoquadrats",5,0.0625,-38.530833,-13.008333,"decimal degrees","Brazil","BR"
"72","BR:ReefSYN:SISBIOTA-MAR:BrazilianCoast:btds_santos_farol_da_barra_2012_Video5","BrazilianCoast","btds_santos","farol_da_barra","farol_da_barra",2012,NA,1,7,"photoquadrats",5,0.0625,-38.530833,-13.008333,"decimal degrees","Brazil","BR"
"73","BR:ReefSYN:SISBIOTA-MAR:BrazilianCoast:btds_santos_farol_da_barra_2012_Video6","BrazilianCoast","btds_santos","farol_da_barra","farol_da_barra",2012,NA,1,7,"photoquadrats",5,0.0625,-38.530833,-13.008333,"decimal degrees","Brazil","BR"
"74","BR:ReefSYN:SISBIOTA-MAR:BrazilianCoast:btds_santos_farol_da_barra_2012_Video7","BrazilianCoast","btds_santos","farol_da_barra","farol_da_barra",2012,NA,1,7,"photoquadrats",5,0.0625,-38.530833,-13.008333,"decimal degrees","Brazil","BR"
"75","BR:ReefSYN:SISBIOTA-MAR:BrazilianCoast:btds_santos_frades_2012_Video1","BrazilianCoast","btds_santos","frades","frades",2012,2012-03-03,1,7,"photoquadrats",5,0.0625,-38.626367,-12.80916,"decimal degrees","Brazil","BR"
"76","BR:ReefSYN:SISBIOTA-MAR:BrazilianCoast:btds_santos_frades_2012_Video2","BrazilianCoast","btds_santos","frades","frades",2012,2012-03-03,1,7,"photoquadrats",5,0.0625,-38.626367,-12.80916,"decimal degrees","Brazil","BR"
"77","BR:ReefSYN:SISBIOTA-MAR:BrazilianCoast:btds_santos_frades_2012_Video3","BrazilianCoast","btds_santos","frades","frades",2012,2012-03-03,1,7,"photoquadrats",5,0.0625,-38.626367,-12.80916,"decimal degrees","Brazil","BR"
"78","BR:ReefSYN:SISBIOTA-MAR:BrazilianCoast:btds_santos_frades_2012_Video4","BrazilianCoast","btds_santos","frades","frades",2012,2012-03-03,1,7,"photoquadrats",5,0.0625,-38.626367,-12.80916,"decimal degrees","Brazil","BR"
"79","BR:ReefSYN:SISBIOTA-MAR:BrazilianCoast:btds_santos_frades_2012_Video5","BrazilianCoast","btds_santos","frades","frades",2012,2012-03-03,1,7,"photoquadrats",5,0.0625,-38.626367,-12.80916,"decimal degrees","Brazil","BR"
"80","BR:ReefSYN:SISBIOTA-MAR:BrazilianCoast:btds_santos_frades_2012_Video6","BrazilianCoast","btds_santos","frades","frades",2012,2012-03-03,1,7,"photoquadrats",5,0.0625,-38.626367,-12.80916,"decimal degrees","Brazil","BR"
"81","BR:ReefSYN:SISBIOTA-MAR:BrazilianCoast:btds_santos_pedra_cardinal_2012_Video1","BrazilianCoast","btds_santos","pedra_cardinal","pedra_cardinal",2012,2012-03-01,8,15,"photoquadrats",5,0.0625,-38.5491,-12.83708,"decimal degrees","Brazil","BR"
"82","BR:ReefSYN:SISBIOTA-MAR:BrazilianCoast:btds_santos_pedra_cardinal_2012_Video2","BrazilianCoast","btds_santos","pedra_cardinal","pedra_cardinal",2012,2012-03-01,8,15,"photoquadrats",5,0.0625,-38.5491,-12.83708,"decimal degrees","Brazil","BR"
"83","BR:ReefSYN:SISBIOTA-MAR:BrazilianCoast:btds_santos_pedra_cardinal_2012_Video3","BrazilianCoast","btds_santos","pedra_cardinal","pedra_cardinal",2012,2012-03-01,8,15,"photoquadrats",5,0.0625,-38.5491,-12.83708,"decimal degrees","Brazil","BR"
"84","BR:ReefSYN:SISBIOTA-MAR:BrazilianCoast:btds_santos_pedra_cardinal_2012_Video4","BrazilianCoast","btds_santos","pedra_cardinal","pedra_cardinal",2012,2012-03-01,8,15,"photoquadrats",5,0.0625,-38.5491,-12.83708,"decimal degrees","Brazil","BR"
"85","BR:ReefSYN:SISBIOTA-MAR:BrazilianCoast:btds_santos_pedra_cardinal_2012_Video5","BrazilianCoast","btds_santos","pedra_cardinal","pedra_cardinal",2012,2012-03-01,8,15,"photoquadrats",5,0.0625,-38.5491,-12.83708,"decimal degrees","Brazil","BR"
"86","BR:ReefSYN:SISBIOTA-MAR:BrazilianCoast:btds_santos_pedra_cardinal_2012_Video6","BrazilianCoast","btds_santos","pedra_cardinal","pedra_cardinal",2012,2012-03-01,8,15,"photoquadrats",5,0.0625,-38.5491,-12.83708,"decimal degrees","Brazil","BR"
"87","BR:ReefSYN:SISBIOTA-MAR:BrazilianCoast:btds_santos_poste_quatro_2012_Video1","BrazilianCoast","btds_santos","poste_quatro","poste_quatro",2012,2012-02-03,8,15,"photoquadrats",5,0.0625,-38.571664,-12.814719,"decimal degrees","Brazil","BR"
"88","BR:ReefSYN:SISBIOTA-MAR:BrazilianCoast:btds_santos_poste_quatro_2012_Video2","BrazilianCoast","btds_santos","poste_quatro","poste_quatro",2012,2012-02-03,8,15,"photoquadrats",5,0.0625,-38.571664,-12.814719,"decimal degrees","Brazil","BR"
"89","BR:ReefSYN:SISBIOTA-MAR:BrazilianCoast:btds_santos_poste_quatro_2012_Video3","BrazilianCoast","btds_santos","poste_quatro","poste_quatro",2012,2012-02-03,8,15,"photoquadrats",5,0.0625,-38.571664,-12.814719,"decimal degrees","Brazil","BR"
"90","BR:ReefSYN:SISBIOTA-MAR:BrazilianCoast:btds_santos_poste_quatro_2012_Video4","BrazilianCoast","btds_santos","poste_quatro","poste_quatro",2012,2012-02-03,8,15,"photoquadrats",5,0.0625,-38.571664,-12.814719,"decimal degrees","Brazil","BR"
"91","BR:ReefSYN:SISBIOTA-MAR:BrazilianCoast:btds_santos_poste_quatro_2012_Video5","BrazilianCoast","btds_santos","poste_quatro","poste_quatro",2012,2012-02-03,8,15,"photoquadrats",5,0.0625,-38.571664,-12.814719,"decimal degrees","Brazil","BR"
"92","BR:ReefSYN:SISBIOTA-MAR:BrazilianCoast:btds_santos_poste_quatro_2012_Video6","BrazilianCoast","btds_santos","poste_quatro","poste_quatro",2012,2012-02-03,8,15,"photoquadrats",5,0.0625,-38.571664,-12.814719,"decimal degrees","Brazil","BR"
"93","BR:ReefSYN:SISBIOTA-MAR:BrazilianCoast:costa_corais_barra_da_gale_2012_Video1","BrazilianCoast","costa_corais","barra_da_gale","barra_da_gale",2012,2012-03-13,1,7,"photoquadrats",5,0.0625,-35.192744,-9.032689,"decimal degrees","Brazil","BR"
"94","BR:ReefSYN:SISBIOTA-MAR:BrazilianCoast:costa_corais_barra_da_gale_2012_Video2","BrazilianCoast","costa_corais","barra_da_gale","barra_da_gale",2012,2012-03-13,1,7,"photoquadrats",5,0.0625,-35.192744,-9.032689,"decimal degrees","Brazil","BR"
"95","BR:ReefSYN:SISBIOTA-MAR:BrazilianCoast:costa_corais_barra_da_gale_2012_Video3","BrazilianCoast","costa_corais","barra_da_gale","barra_da_gale",2012,2012-03-13,1,7,"photoquadrats",5,0.0625,-35.192744,-9.032689,"decimal degrees","Brazil","BR"
"96","BR:ReefSYN:SISBIOTA-MAR:BrazilianCoast:costa_corais_barra_da_gale_2012_Video4","BrazilianCoast","costa_corais","barra_da_gale","barra_da_gale",2012,2012-03-13,1,7,"photoquadrats",5,0.0625,-35.192744,-9.032689,"decimal degrees","Brazil","BR"
"97","BR:ReefSYN:SISBIOTA-MAR:BrazilianCoast:costa_corais_barra_da_gale_2012_Video5","BrazilianCoast","costa_corais","barra_da_gale","barra_da_gale",2012,2012-03-13,1,7,"photoquadrats",5,0.0625,-35.192744,-9.032689,"decimal degrees","Brazil","BR"
"98","BR:ReefSYN:SISBIOTA-MAR:BrazilianCoast:costa_corais_barra_da_gale_2012_Video6","BrazilianCoast","costa_corais","barra_da_gale","barra_da_gale",2012,2012-03-13,1,7,"photoquadrats",5,0.0625,-35.192744,-9.032689,"decimal degrees","Brazil","BR"
"99","BR:ReefSYN:SISBIOTA-MAR:BrazilianCoast:costa_corais_barra_da_gale_2012_Video7","BrazilianCoast","costa_corais","barra_da_gale","barra_da_gale",2012,2012-03-13,1,7,"photoquadrats",5,0.0625,-35.192744,-9.032689,"decimal degrees","Brazil","BR"
"100","BR:ReefSYN:SISBIOTA-MAR:BrazilianCoast:costa_corais_barra_da_gale_2012_Video8","BrazilianCoast","costa_corais","barra_da_gale","barra_da_gale",2012,2012-03-13,1,7,"photoquadrats",5,0.0625,-35.192744,-9.032689,"decimal degrees","Brazil","BR"
"101","BR:ReefSYN:SISBIOTA-MAR:BrazilianCoast:costa_corais_gales_2012_Video1","BrazilianCoast","costa_corais","gales","gales",2012,2012-03-11,1,7,"photoquadrats",5,0.0625,-35.191486,-9.024256,"decimal degrees","Brazil","BR"
"102","BR:ReefSYN:SISBIOTA-MAR:BrazilianCoast:costa_corais_gales_2012_Video2","BrazilianCoast","costa_corais","gales","gales",2012,2012-03-11,1,7,"photoquadrats",5,0.0625,-35.191486,-9.024256,"decimal degrees","Brazil","BR"
"103","BR:ReefSYN:SISBIOTA-MAR:BrazilianCoast:costa_corais_gales_2012_Video3","BrazilianCoast","costa_corais","gales","gales",2012,2012-03-11,1,7,"photoquadrats",5,0.0625,-35.191486,-9.024256,"decimal degrees","Brazil","BR"
"104","BR:ReefSYN:SISBIOTA-MAR:BrazilianCoast:costa_corais_gales_2012_Video4","BrazilianCoast","costa_corais","gales","gales",2012,2012-03-11,1,7,"photoquadrats",5,0.0625,-35.191486,-9.024256,"decimal degrees","Brazil","BR"
"105","BR:ReefSYN:SISBIOTA-MAR:BrazilianCoast:costa_corais_gales_2012_Video5","BrazilianCoast","costa_corais","gales","gales",2012,2012-03-11,1,7,"photoquadrats",5,0.0625,-35.191486,-9.024256,"decimal degrees","Brazil","BR"
"106","BR:ReefSYN:SISBIOTA-MAR:BrazilianCoast:costa_corais_gales_2012_Video6","BrazilianCoast","costa_corais","gales","gales",2012,2012-03-11,1,7,"photoquadrats",5,0.0625,-35.191486,-9.024256,"decimal degrees","Brazil","BR"
"107","BR:ReefSYN:SISBIOTA-MAR:BrazilianCoast:costa_corais_taocas_2012_Video1","BrazilianCoast","costa_corais","taocas","taocas",2012,2012-03-12,1,7,"photoquadrats",5,0.0625,-35.180628,-8.9985,"decimal degrees","Brazil","BR"
"108","BR:ReefSYN:SISBIOTA-MAR:BrazilianCoast:costa_corais_taocas_2012_Video2","BrazilianCoast","costa_corais","taocas","taocas",2012,2012-03-12,1,7,"photoquadrats",5,0.0625,-35.180628,-8.9985,"decimal degrees","Brazil","BR"
"109","BR:ReefSYN:SISBIOTA-MAR:BrazilianCoast:costa_corais_taocas_2012_Video3","BrazilianCoast","costa_corais","taocas","taocas",2012,2012-03-12,1,7,"photoquadrats",5,0.0625,-35.180628,-8.9985,"decimal degrees","Brazil","BR"
"110","BR:ReefSYN:SISBIOTA-MAR:BrazilianCoast:costa_corais_taocas_2012_Video4","BrazilianCoast","costa_corais","taocas","taocas",2012,2012-03-12,1,7,"photoquadrats",5,0.0625,-35.180628,-8.9985,"decimal degrees","Brazil","BR"
"111","BR:ReefSYN:SISBIOTA-MAR:BrazilianCoast:costa_corais_taocas_2012_Video5","BrazilianCoast","costa_corais","taocas","taocas",2012,2012-03-12,1,7,"photoquadrats",5,0.0625,-35.180628,-8.9985,"decimal degrees","Brazil","BR"
"112","BR:ReefSYN:SISBIOTA-MAR:BrazilianCoast:costa_corais_taocas_2012_Video6","BrazilianCoast","costa_corais","taocas","taocas",2012,2012-03-12,1,7,"photoquadrats",5,0.0625,-35.180628,-8.9985,"decimal degrees","Brazil","BR"
"113","BR:ReefSYN:SISBIOTA-MAR:BrazilianCoast:costa_corais_taocas_2012_Video7","BrazilianCoast","costa_corais","taocas","taocas",2012,2012-03-12,1,7,"photoquadrats",5,0.0625,-35.180628,-8.9985,"decimal degrees","Brazil","BR"
"114","BR:ReefSYN:SISBIOTA-MAR:BrazilianCoast:costa_corais_taocas_2012_Video8","BrazilianCoast","costa_corais","taocas","taocas",2012,2012-03-12,1,7,"photoquadrats",5,0.0625,-35.180628,-8.9985,"decimal degrees","Brazil","BR"
"115","BR:ReefSYN:SISBIOTA-MAR:BrazilianCoast:espirito_santo_escalvada_2014_Video1","BrazilianCoast","espirito_santo","escalvada","escalvada",2014,2014-02-22,4.11111111111111,10.5555555555556,"photoquadrats",5,0.0625,-40.407589,-20.699631,"decimal degrees","Brazil","BR"
"116","BR:ReefSYN:SISBIOTA-MAR:BrazilianCoast:espirito_santo_escalvada_2014_Video2","BrazilianCoast","espirito_santo","escalvada","escalvada",2014,2014-02-22,3.625,10,"photoquadrats",5,0.0625,-40.407589,-20.699631,"decimal degrees","Brazil","BR"
"117","BR:ReefSYN:SISBIOTA-MAR:BrazilianCoast:espirito_santo_escalvada_2014_Video3","BrazilianCoast","espirito_santo","escalvada","escalvada",2014,2014-02-22,4,10.4285714285714,"photoquadrats",5,0.0625,-40.407589,-20.699631,"decimal degrees","Brazil","BR"
"118","BR:ReefSYN:SISBIOTA-MAR:BrazilianCoast:espirito_santo_escalvada_2014_Video4","BrazilianCoast","espirito_santo","escalvada","escalvada",2014,2014-02-21,6.25,13,"photoquadrats",5,0.0625,-40.407589,-20.699631,"decimal degrees","Brazil","BR"
"119","BR:ReefSYN:SISBIOTA-MAR:BrazilianCoast:espirito_santo_escalvada_2014_Video5","BrazilianCoast","espirito_santo","escalvada","escalvada",2014,2014-02-21,8,15,"photoquadrats",5,0.0625,-40.407589,-20.699631,"decimal degrees","Brazil","BR"
"120","BR:ReefSYN:SISBIOTA-MAR:BrazilianCoast:espirito_santo_escalvada_2014_Video6","BrazilianCoast","espirito_santo","escalvada","escalvada",2014,2014-02-21,8,15,"photoquadrats",5,0.0625,-40.407589,-20.699631,"decimal degrees","Brazil","BR"
"121","BR:ReefSYN:SISBIOTA-MAR:BrazilianCoast:espirito_santo_ilhas_rasas_2014_Video1","BrazilianCoast","espirito_santo","ilhas_rasas","ilhas_rasas",2014,2014-02-22,4.5,11,"photoquadrats",5,0.0625,-40.366164,-20.676614,"decimal degrees","Brazil","BR"
"122","BR:ReefSYN:SISBIOTA-MAR:BrazilianCoast:espirito_santo_ilhas_rasas_2014_Video2","BrazilianCoast","espirito_santo","ilhas_rasas","ilhas_rasas",2014,2014-02-22,5.2,11.8,"photoquadrats",5,0.0625,-40.366164,-20.676614,"decimal degrees","Brazil","BR"
"123","BR:ReefSYN:SISBIOTA-MAR:BrazilianCoast:espirito_santo_ilhas_rasas_2014_Video3","BrazilianCoast","espirito_santo","ilhas_rasas","ilhas_rasas",2014,2014-02-22,5.2,11.8,"photoquadrats",5,0.0625,-40.366164,-20.676614,"decimal degrees","Brazil","BR"
"124","BR:ReefSYN:SISBIOTA-MAR:BrazilianCoast:espirito_santo_ilhas_rasas_2014_Video4","BrazilianCoast","espirito_santo","ilhas_rasas","ilhas_rasas",2014,2014-02-22,3.8,10.2,"photoquadrats",5,0.0625,-40.366164,-20.676614,"decimal degrees","Brazil","BR"
"125","BR:ReefSYN:SISBIOTA-MAR:BrazilianCoast:espirito_santo_ilhas_rasas_2014_Video5","BrazilianCoast","espirito_santo","ilhas_rasas","ilhas_rasas",2014,2014-02-22,3.8,10.2,"photoquadrats",5,0.0625,-40.366164,-20.676614,"decimal degrees","Brazil","BR"
"126","BR:ReefSYN:SISBIOTA-MAR:BrazilianCoast:espirito_santo_ilhas_rasas_2014_Video6","BrazilianCoast","espirito_santo","ilhas_rasas","ilhas_rasas",2014,2014-02-22,4.5,11,"photoquadrats",5,0.0625,-40.366164,-20.676614,"decimal degrees","Brazil","BR"
"127","BR:ReefSYN:SISBIOTA-MAR:BrazilianCoast:espirito_santo_tres_ilhas_2014_Video1","BrazilianCoast","espirito_santo","tres_ilhas","tres_ilhas",2014,2014-02-23,8,15,"photoquadrats",5,0.0625,-40.378777,-20.612348,"decimal degrees","Brazil","BR"
"128","BR:ReefSYN:SISBIOTA-MAR:BrazilianCoast:espirito_santo_tres_ilhas_2014_Video2","BrazilianCoast","espirito_santo","tres_ilhas","tres_ilhas",2014,2014-02-23,8,15,"photoquadrats",5,0.0625,-40.378777,-20.612348,"decimal degrees","Brazil","BR"
"129","BR:ReefSYN:SISBIOTA-MAR:BrazilianCoast:espirito_santo_tres_ilhas_2014_Video3","BrazilianCoast","espirito_santo","tres_ilhas","tres_ilhas",2014,2014-02-23,8,15,"photoquadrats",5,0.0625,-40.378777,-20.612348,"decimal degrees","Brazil","BR"
"130","BR:ReefSYN:SISBIOTA-MAR:BrazilianCoast:espirito_santo_tres_ilhas_2014_Video4","BrazilianCoast","espirito_santo","tres_ilhas","tres_ilhas",2014,2014-02-23,1,7,"photoquadrats",5,0.0625,-40.378777,-20.612348,"decimal degrees","Brazil","BR"
"131","BR:ReefSYN:SISBIOTA-MAR:BrazilianCoast:espirito_santo_tres_ilhas_2014_Video5","BrazilianCoast","espirito_santo","tres_ilhas","tres_ilhas",2014,2014-02-23,1,7,"photoquadrats",5,0.0625,-40.378777,-20.612348,"decimal degrees","Brazil","BR"
"132","BR:ReefSYN:SISBIOTA-MAR:BrazilianCoast:espirito_santo_tres_ilhas_2014_Video6","BrazilianCoast","espirito_santo","tres_ilhas","tres_ilhas",2014,2014-02-23,1,7,"photoquadrats",5,0.0625,-40.378777,-20.612348,"decimal degrees","Brazil","BR"
"133","BR:ReefSYN:SISBIOTA-MAR:BrazilianCoast:ilhabela_ilha_das_cabras_2010_Video1","BrazilianCoast","ilhabela","ilha_das_cabras","ilha_das_cabras",2010,2010-03-03,5,11.5714285714286,"photoquadrats",5,0.0625,-45.393889,-23.830333,"decimal degrees","Brazil","BR"
"134","BR:ReefSYN:SISBIOTA-MAR:BrazilianCoast:ilhabela_ilha_das_cabras_2010_Video2","BrazilianCoast","ilhabela","ilha_das_cabras","ilha_das_cabras",2010,2010-03-03,5,11.5714285714286,"photoquadrats",5,0.0625,-45.393889,-23.830333,"decimal degrees","Brazil","BR"
"135","BR:ReefSYN:SISBIOTA-MAR:BrazilianCoast:ilhabela_ilha_das_cabras_2010_Video3","BrazilianCoast","ilhabela","ilha_das_cabras","ilha_das_cabras",2010,2010-03-03,5,11.5714285714286,"photoquadrats",5,0.0625,-45.393889,-23.830333,"decimal degrees","Brazil","BR"
"136","BR:ReefSYN:SISBIOTA-MAR:BrazilianCoast:ilhabela_ilha_das_cabras_2010_Video4","BrazilianCoast","ilhabela","ilha_das_cabras","ilha_das_cabras",2010,2010-03-04,3.8,10.2,"photoquadrats",5,0.0625,-45.393889,-23.830333,"decimal degrees","Brazil","BR"
"137","BR:ReefSYN:SISBIOTA-MAR:BrazilianCoast:ilhabela_ilha_das_cabras_2010_Video5","BrazilianCoast","ilhabela","ilha_das_cabras","ilha_das_cabras",2010,2010-03-04,1,7,"photoquadrats",5,0.0625,-45.393889,-23.830333,"decimal degrees","Brazil","BR"
"138","BR:ReefSYN:SISBIOTA-MAR:BrazilianCoast:ilhabela_saco_do_diogo_2010_Video1","BrazilianCoast","ilhabela","saco_do_diogo","saco_do_diogo",2010,2010-03-01,4.5,11,"photoquadrats",5,0.0625,-45.283621,-23.935384,"decimal degrees","Brazil","BR"
"139","BR:ReefSYN:SISBIOTA-MAR:BrazilianCoast:ilhabela_saco_do_diogo_2010_Video2","BrazilianCoast","ilhabela","saco_do_diogo","saco_do_diogo",2010,2010-03-01,4.5,11,"photoquadrats",5,0.0625,-45.283621,-23.935384,"decimal degrees","Brazil","BR"
"140","BR:ReefSYN:SISBIOTA-MAR:BrazilianCoast:ilhabela_saco_do_diogo_2010_Video3","BrazilianCoast","ilhabela","saco_do_diogo","saco_do_diogo",2010,2010-03-01,5.66666666666667,12.3333333333333,"photoquadrats",5,0.0625,-45.283621,-23.935384,"decimal degrees","Brazil","BR"
"141","BR:ReefSYN:SISBIOTA-MAR:BrazilianCoast:ilhabela_saco_do_diogo_2010_Video4","BrazilianCoast","ilhabela","saco_do_diogo","saco_do_diogo",2010,2010-03-01,3.33333333333333,9.66666666666667,"photoquadrats",5,0.0625,-45.283621,-23.935384,"decimal degrees","Brazil","BR"
"142","BR:ReefSYN:SISBIOTA-MAR:BrazilianCoast:ilhabela_saco_do_diogo_2010_Video5","BrazilianCoast","ilhabela","saco_do_diogo","saco_do_diogo",2010,2010-03-01,5.66666666666667,12.3333333333333,"photoquadrats",5,0.0625,-45.283621,-23.935384,"decimal degrees","Brazil","BR"
"143","BR:ReefSYN:SISBIOTA-MAR:BrazilianCoast:ilhabela_saco_do_diogo_2010_Video6","BrazilianCoast","ilhabela","saco_do_diogo","saco_do_diogo",2010,2010-03-01,8,15,"photoquadrats",5,0.0625,-45.283621,-23.935384,"decimal degrees","Brazil","BR"
"144","BR:ReefSYN:SISBIOTA-MAR:BrazilianCoast:ilhabela_saco_do_diogo_2010_Video7","BrazilianCoast","ilhabela","saco_do_diogo","saco_do_diogo",2010,2010-03-01,4.5,11,"photoquadrats",5,0.0625,-45.283621,-23.935384,"decimal degrees","Brazil","BR"
"145","BR:ReefSYN:SISBIOTA-MAR:BrazilianCoast:ilhabela_saco_do_diogo_2010_Video8","BrazilianCoast","ilhabela","saco_do_diogo","saco_do_diogo",2010,2010-03-01,8,15,"photoquadrats",5,0.0625,-45.283621,-23.935384,"decimal degrees","Brazil","BR"
"146","BR:ReefSYN:SISBIOTA-MAR:BrazilianCoast:ilhabela_saco_do_diogo_2010_Video9","BrazilianCoast","ilhabela","saco_do_diogo","saco_do_diogo",2010,2010-03-01,8,15,"photoquadrats",5,0.0625,-45.283621,-23.935384,"decimal degrees","Brazil","BR"
"147","BR:ReefSYN:SISBIOTA-MAR:BrazilianCoast:ilhabela_saco_do_sombrio_2010_Video1","BrazilianCoast","ilhabela","saco_do_sombrio","saco_do_sombrio",2010,2010-02-28,4.5,11,"photoquadrats",5,0.0625,-45.243995,-23.893302,"decimal degrees","Brazil","BR"
"148","BR:ReefSYN:SISBIOTA-MAR:BrazilianCoast:ilhabela_saco_do_sombrio_2010_Video2","BrazilianCoast","ilhabela","saco_do_sombrio","saco_do_sombrio",2010,2010-02-28,4.5,11,"photoquadrats",5,0.0625,-45.243995,-23.893302,"decimal degrees","Brazil","BR"
"149","BR:ReefSYN:SISBIOTA-MAR:BrazilianCoast:ilhabela_saco_do_sombrio_2010_Video3","BrazilianCoast","ilhabela","saco_do_sombrio","saco_do_sombrio",2010,2010-02-28,4.5,11,"photoquadrats",5,0.0625,-45.243995,-23.893302,"decimal degrees","Brazil","BR"
"150","BR:ReefSYN:SISBIOTA-MAR:BrazilianCoast:ilhabela_saco_do_sombrio_2010_Video4","BrazilianCoast","ilhabela","saco_do_sombrio","saco_do_sombrio",2010,2010-02-28,4.5,11,"photoquadrats",5,0.0625,-45.243995,-23.893302,"decimal degrees","Brazil","BR"
"151","BR:ReefSYN:SISBIOTA-MAR:BrazilianCoast:ilhabela_saco_do_sombrio_2010_Video5","BrazilianCoast","ilhabela","saco_do_sombrio","saco_do_sombrio",2010,2010-02-28,3.33333333333333,9.66666666666667,"photoquadrats",5,0.0625,-45.243995,-23.893302,"decimal degrees","Brazil","BR"
"152","BR:ReefSYN:SISBIOTA-MAR:BrazilianCoast:ilhabela_saco_do_sombrio_2010_Video6","BrazilianCoast","ilhabela","saco_do_sombrio","saco_do_sombrio",2010,2010-02-28,1,7,"photoquadrats",5,0.0625,-45.243995,-23.893302,"decimal degrees","Brazil","BR"
"153","BR:ReefSYN:SISBIOTA-MAR:BrazilianCoast:ilhabela_saco_do_sombrio_2010_Video7","BrazilianCoast","ilhabela","saco_do_sombrio","saco_do_sombrio",2010,2010-02-28,8,15,"photoquadrats",5,0.0625,-45.243995,-23.893302,"decimal degrees","Brazil","BR"
"154","BR:ReefSYN:SISBIOTA-MAR:BrazilianCoast:ilhabela_saco_do_sombrio_2010_Video8","BrazilianCoast","ilhabela","saco_do_sombrio","saco_do_sombrio",2010,2010-02-28,8,15,"photoquadrats",5,0.0625,-45.243995,-23.893302,"decimal degrees","Brazil","BR"
"155","BR:ReefSYN:SISBIOTA-MAR:BrazilianCoast:ilhasc_norte_deserta_norte_2011_Filmagem1","BrazilianCoast","ilhasc_norte","deserta_norte","deserta_norte",2011,2011-04-06,4.5,11,"photoquadrats",5,0.0625,-48.331675,-27.264465,"decimal degrees","Brazil","BR"
"156","BR:ReefSYN:SISBIOTA-MAR:BrazilianCoast:ilhasc_norte_deserta_norte_2011_Filmagem10","BrazilianCoast","ilhasc_norte","deserta_norte","deserta_norte",2011,2011-04-06,4.5,11,"photoquadrats",5,0.0625,-48.331675,-27.264465,"decimal degrees","Brazil","BR"
"157","BR:ReefSYN:SISBIOTA-MAR:BrazilianCoast:ilhasc_norte_deserta_norte_2011_Filmagem11","BrazilianCoast","ilhasc_norte","deserta_norte","deserta_norte",2011,2011-04-06,4.5,11,"photoquadrats",5,0.0625,-48.331675,-27.264465,"decimal degrees","Brazil","BR"
"158","BR:ReefSYN:SISBIOTA-MAR:BrazilianCoast:ilhasc_norte_deserta_norte_2011_Filmagem12","BrazilianCoast","ilhasc_norte","deserta_norte","deserta_norte",2011,2011-04-06,8,15,"photoquadrats",5,0.0625,-48.331675,-27.264465,"decimal degrees","Brazil","BR"
"159","BR:ReefSYN:SISBIOTA-MAR:BrazilianCoast:ilhasc_norte_deserta_norte_2011_FIlmagem12","BrazilianCoast","ilhasc_norte","deserta_norte","deserta_norte",2011,2011-04-06,1,7,"photoquadrats",5,0.0625,-48.331675,-27.264465,"decimal degrees","Brazil","BR"
"160","BR:ReefSYN:SISBIOTA-MAR:BrazilianCoast:ilhasc_norte_deserta_norte_2011_Filmagem13","BrazilianCoast","ilhasc_norte","deserta_norte","deserta_norte",2011,2011-04-06,4.5,11,"photoquadrats",5,0.0625,-48.331675,-27.264465,"decimal degrees","Brazil","BR"
"161","BR:ReefSYN:SISBIOTA-MAR:BrazilianCoast:ilhasc_norte_deserta_norte_2011_Filmagem14","BrazilianCoast","ilhasc_norte","deserta_norte","deserta_norte",2011,2011-04-06,4.5,11,"photoquadrats",5,0.0625,-48.331675,-27.264465,"decimal degrees","Brazil","BR"
"162","BR:ReefSYN:SISBIOTA-MAR:BrazilianCoast:ilhasc_norte_deserta_norte_2011_Filmagem15","BrazilianCoast","ilhasc_norte","deserta_norte","deserta_norte",2011,2011-04-06,8,15,"photoquadrats",5,0.0625,-48.331675,-27.264465,"decimal degrees","Brazil","BR"
"163","BR:ReefSYN:SISBIOTA-MAR:BrazilianCoast:ilhasc_norte_deserta_norte_2011_FIlmagem15","BrazilianCoast","ilhasc_norte","deserta_norte","deserta_norte",2011,2011-04-06,1,7,"photoquadrats",5,0.0625,-48.331675,-27.264465,"decimal degrees","Brazil","BR"
"164","BR:ReefSYN:SISBIOTA-MAR:BrazilianCoast:ilhasc_norte_deserta_norte_2011_Filmagem2","BrazilianCoast","ilhasc_norte","deserta_norte","deserta_norte",2011,2011-04-06,4.5,11,"photoquadrats",5,0.0625,-48.331675,-27.264465,"decimal degrees","Brazil","BR"
"165","BR:ReefSYN:SISBIOTA-MAR:BrazilianCoast:ilhasc_norte_deserta_norte_2011_Filmagem3","BrazilianCoast","ilhasc_norte","deserta_norte","deserta_norte",2011,2011-04-06,4.5,11,"photoquadrats",5,0.0625,-48.331675,-27.264465,"decimal degrees","Brazil","BR"
"166","BR:ReefSYN:SISBIOTA-MAR:BrazilianCoast:ilhasc_norte_deserta_norte_2011_Filmagem4","BrazilianCoast","ilhasc_norte","deserta_norte","deserta_norte",2011,2011-04-06,4.5,11,"photoquadrats",5,0.0625,-48.331675,-27.264465,"decimal degrees","Brazil","BR"
"167","BR:ReefSYN:SISBIOTA-MAR:BrazilianCoast:ilhasc_norte_deserta_norte_2011_Filmagem5","BrazilianCoast","ilhasc_norte","deserta_norte","deserta_norte",2011,2011-04-06,4.5,11,"photoquadrats",5,0.0625,-48.331675,-27.264465,"decimal degrees","Brazil","BR"
"168","BR:ReefSYN:SISBIOTA-MAR:BrazilianCoast:ilhasc_norte_deserta_norte_2011_Filmagem6","BrazilianCoast","ilhasc_norte","deserta_norte","deserta_norte",2011,2011-04-06,4.5,11,"photoquadrats",5,0.0625,-48.331675,-27.264465,"decimal degrees","Brazil","BR"
"169","BR:ReefSYN:SISBIOTA-MAR:BrazilianCoast:ilhasc_norte_deserta_norte_2011_Filmagem7","BrazilianCoast","ilhasc_norte","deserta_norte","deserta_norte",2011,2011-04-06,8,15,"photoquadrats",5,0.0625,-48.331675,-27.264465,"decimal degrees","Brazil","BR"
"170","BR:ReefSYN:SISBIOTA-MAR:BrazilianCoast:ilhasc_norte_deserta_norte_2011_FIlmagem7","BrazilianCoast","ilhasc_norte","deserta_norte","deserta_norte",2011,2011-04-06,1,7,"photoquadrats",5,0.0625,-48.331675,-27.264465,"decimal degrees","Brazil","BR"
"171","BR:ReefSYN:SISBIOTA-MAR:BrazilianCoast:ilhasc_norte_deserta_norte_2011_Filmagem8","BrazilianCoast","ilhasc_norte","deserta_norte","deserta_norte",2011,2011-04-06,4.5,11,"photoquadrats",5,0.0625,-48.331675,-27.264465,"decimal degrees","Brazil","BR"
"172","BR:ReefSYN:SISBIOTA-MAR:BrazilianCoast:ilhasc_norte_deserta_norte_2011_Filmagem9","BrazilianCoast","ilhasc_norte","deserta_norte","deserta_norte",2011,2011-04-06,4.5,11,"photoquadrats",5,0.0625,-48.331675,-27.264465,"decimal degrees","Brazil","BR"
"173","BR:ReefSYN:SISBIOTA-MAR:BrazilianCoast:ilhasc_norte_saco_dagua_2011_Filmagem1","BrazilianCoast","ilhasc_norte","arvoredo_saco_dagua","saco_dagua",2011,2011-04-05,4.5,11,"photoquadrats",5,0.0625,-48.367183,-27.274033,"decimal degrees","Brazil","BR"
"174","BR:ReefSYN:SISBIOTA-MAR:BrazilianCoast:ilhasc_norte_saco_dagua_2011_Filmagem10","BrazilianCoast","ilhasc_norte","arvoredo_saco_dagua","saco_dagua",2011,2011-04-05,4.5,11,"photoquadrats",5,0.0625,-48.367183,-27.274033,"decimal degrees","Brazil","BR"
"175","BR:ReefSYN:SISBIOTA-MAR:BrazilianCoast:ilhasc_norte_saco_dagua_2011_Filmagem11","BrazilianCoast","ilhasc_norte","arvoredo_saco_dagua","saco_dagua",2011,2011-04-05,8,15,"photoquadrats",5,0.0625,-48.367183,-27.274033,"decimal degrees","Brazil","BR"
"176","BR:ReefSYN:SISBIOTA-MAR:BrazilianCoast:ilhasc_norte_saco_dagua_2011_Filmagem12","BrazilianCoast","ilhasc_norte","arvoredo_saco_dagua","saco_dagua",2011,2011-04-05,8,15,"photoquadrats",5,0.0625,-48.367183,-27.274033,"decimal degrees","Brazil","BR"
"177","BR:ReefSYN:SISBIOTA-MAR:BrazilianCoast:ilhasc_norte_saco_dagua_2011_Filmagem13","BrazilianCoast","ilhasc_norte","arvoredo_saco_dagua","saco_dagua",2011,2011-04-05,8,15,"photoquadrats",5,0.0625,-48.367183,-27.274033,"decimal degrees","Brazil","BR"
"178","BR:ReefSYN:SISBIOTA-MAR:BrazilianCoast:ilhasc_norte_saco_dagua_2011_Filmagem14","BrazilianCoast","ilhasc_norte","arvoredo_saco_dagua","saco_dagua",2011,2011-04-05,8,15,"photoquadrats",5,0.0625,-48.367183,-27.274033,"decimal degrees","Brazil","BR"
"179","BR:ReefSYN:SISBIOTA-MAR:BrazilianCoast:ilhasc_norte_saco_dagua_2011_Filmagem2","BrazilianCoast","ilhasc_norte","arvoredo_saco_dagua","saco_dagua",2011,2011-04-05,4.5,11,"photoquadrats",5,0.0625,-48.367183,-27.274033,"decimal degrees","Brazil","BR"
"180","BR:ReefSYN:SISBIOTA-MAR:BrazilianCoast:ilhasc_norte_saco_dagua_2011_Filmagem3","BrazilianCoast","ilhasc_norte","arvoredo_saco_dagua","saco_dagua",2011,2011-04-05,4.5,11,"photoquadrats",5,0.0625,-48.367183,-27.274033,"decimal degrees","Brazil","BR"
"181","BR:ReefSYN:SISBIOTA-MAR:BrazilianCoast:ilhasc_norte_saco_dagua_2011_Filmagem4","BrazilianCoast","ilhasc_norte","arvoredo_saco_dagua","saco_dagua",2011,2011-04-05,4.5,11,"photoquadrats",5,0.0625,-48.367183,-27.274033,"decimal degrees","Brazil","BR"
"182","BR:ReefSYN:SISBIOTA-MAR:BrazilianCoast:ilhasc_norte_saco_dagua_2011_Filmagem5","BrazilianCoast","ilhasc_norte","arvoredo_saco_dagua","saco_dagua",2011,2011-04-05,4.5,11,"photoquadrats",5,0.0625,-48.367183,-27.274033,"decimal degrees","Brazil","BR"
"183","BR:ReefSYN:SISBIOTA-MAR:BrazilianCoast:ilhasc_norte_saco_dagua_2011_Filmagem6","BrazilianCoast","ilhasc_norte","arvoredo_saco_dagua","saco_dagua",2011,2011-04-05,4.5,11,"photoquadrats",5,0.0625,-48.367183,-27.274033,"decimal degrees","Brazil","BR"
"184","BR:ReefSYN:SISBIOTA-MAR:BrazilianCoast:ilhasc_norte_saco_dagua_2011_Filmagem7","BrazilianCoast","ilhasc_norte","arvoredo_saco_dagua","saco_dagua",2011,2011-04-05,4.5,11,"photoquadrats",5,0.0625,-48.367183,-27.274033,"decimal degrees","Brazil","BR"
"185","BR:ReefSYN:SISBIOTA-MAR:BrazilianCoast:ilhasc_norte_saco_dagua_2011_Filmagem8","BrazilianCoast","ilhasc_norte","arvoredo_saco_dagua","saco_dagua",2011,2011-04-05,4.5,11,"photoquadrats",5,0.0625,-48.367183,-27.274033,"decimal degrees","Brazil","BR"
"186","BR:ReefSYN:SISBIOTA-MAR:BrazilianCoast:ilhasc_norte_saco_dagua_2011_Filmagem9","BrazilianCoast","ilhasc_norte","arvoredo_saco_dagua","saco_dagua",2011,2011-04-05,4.5,11,"photoquadrats",5,0.0625,-48.367183,-27.274033,"decimal degrees","Brazil","BR"
"187","BR:ReefSYN:SISBIOTA-MAR:BrazilianCoast:ilhasc_sul_xavier_ponta_sul_2011_Filmagem1","BrazilianCoast","ilhasc_sul","xavier_ponta_sul","xavier_ponta_sul",2011,2011-04-08,4.5,11,"photoquadrats",5,0.0625,-48.387576,-27.603507,"decimal degrees","Brazil","BR"
"188","BR:ReefSYN:SISBIOTA-MAR:BrazilianCoast:ilhasc_sul_xavier_ponta_sul_2011_Filmagem2","BrazilianCoast","ilhasc_sul","xavier_ponta_sul","xavier_ponta_sul",2011,2011-04-08,4.5,11,"photoquadrats",5,0.0625,-48.387576,-27.603507,"decimal degrees","Brazil","BR"
"189","BR:ReefSYN:SISBIOTA-MAR:BrazilianCoast:ilhasc_sul_xavier_ponta_sul_2011_Filmagem3","BrazilianCoast","ilhasc_sul","xavier_ponta_sul","xavier_ponta_sul",2011,2011-04-08,8,15,"photoquadrats",5,0.0625,-48.387576,-27.603507,"decimal degrees","Brazil","BR"
"190","BR:ReefSYN:SISBIOTA-MAR:BrazilianCoast:ilhasc_sul_xavier_ponta_sul_2011_FIlmagem3","BrazilianCoast","ilhasc_sul","xavier_ponta_sul","xavier_ponta_sul",2011,2011-04-08,1,7,"photoquadrats",5,0.0625,-48.387576,-27.603507,"decimal degrees","Brazil","BR"
"191","BR:ReefSYN:SISBIOTA-MAR:BrazilianCoast:ilhasc_sul_xavier_ponta_sul_2011_Filmagem4","BrazilianCoast","ilhasc_sul","xavier_ponta_sul","xavier_ponta_sul",2011,2011-04-08,4.5,11,"photoquadrats",5,0.0625,-48.387576,-27.603507,"decimal degrees","Brazil","BR"
"192","BR:ReefSYN:SISBIOTA-MAR:BrazilianCoast:ilhasc_sul_xavier_ponta_sul_2011_Filmagem5","BrazilianCoast","ilhasc_sul","xavier_ponta_sul","xavier_ponta_sul",2011,2011-04-08,4.5,11,"photoquadrats",5,0.0625,-48.387576,-27.603507,"decimal degrees","Brazil","BR"
"193","BR:ReefSYN:SISBIOTA-MAR:BrazilianCoast:ilhasc_sul_xavier_ponta_sul_2011_Filmagem6","BrazilianCoast","ilhasc_sul","xavier_ponta_sul","xavier_ponta_sul",2011,2011-04-08,4.5,11,"photoquadrats",5,0.0625,-48.387576,-27.603507,"decimal degrees","Brazil","BR"
"194","BR:ReefSYN:SISBIOTA-MAR:BrazilianCoast:ilhasc_sul_xavier_ponta_sul_2011_Filmagem7","BrazilianCoast","ilhasc_sul","xavier_ponta_sul","xavier_ponta_sul",2011,2011-04-08,1,7,"photoquadrats",5,0.0625,-48.387576,-27.603507,"decimal degrees","Brazil","BR"
"195","BR:ReefSYN:SISBIOTA-MAR:BrazilianCoast:ilhasc_sul_xavier_ponta_sul_2011_FIlmagem8","BrazilianCoast","ilhasc_sul","xavier_ponta_sul","xavier_ponta_sul",2011,2011-04-08,1,7,"photoquadrats",5,0.0625,-48.387576,-27.603507,"decimal degrees","Brazil","BR"
"196","BR:ReefSYN:SISBIOTA-MAR:BrazilianCoast:manuel_luis_ana_cristina_2013_Video1","BrazilianCoast","manuel_luis","ana_cristina","ana_cristina",2013,2013-04-17,5.375,12,"photoquadrats",5,0.0625,-44.264283,-0.869867,"decimal degrees","Brazil","BR"
"197","BR:ReefSYN:SISBIOTA-MAR:BrazilianCoast:manuel_luis_ana_cristina_2013_Video2","BrazilianCoast","manuel_luis","ana_cristina","ana_cristina",2013,2013-04-17,6,12.7142857142857,"photoquadrats",5,0.0625,-44.264283,-0.869867,"decimal degrees","Brazil","BR"
"198","BR:ReefSYN:SISBIOTA-MAR:BrazilianCoast:manuel_luis_ana_cristina_2013_VIdeo2","BrazilianCoast","manuel_luis","ana_cristina","ana_cristina",2013,2013-04-18,1,7,"photoquadrats",5,0.0625,-44.264283,-0.869867,"decimal degrees","Brazil","BR"
"199","BR:ReefSYN:SISBIOTA-MAR:BrazilianCoast:manuel_luis_ana_cristina_2013_Video3","BrazilianCoast","manuel_luis","ana_cristina","ana_cristina",2013,2013-04-17,5.66666666666667,12.3333333333333,"photoquadrats",5,0.0625,-44.264283,-0.869867,"decimal degrees","Brazil","BR"
"200","BR:ReefSYN:SISBIOTA-MAR:BrazilianCoast:manuel_luis_ana_cristina_2013_Video4","BrazilianCoast","manuel_luis","ana_cristina","ana_cristina",2013,2013-04-17,8,15,"photoquadrats",5,0.0625,-44.264283,-0.869867,"decimal degrees","Brazil","BR"
"201","BR:ReefSYN:SISBIOTA-MAR:BrazilianCoast:manuel_luis_ana_cristina_2013_Video5","BrazilianCoast","manuel_luis","ana_cristina","ana_cristina",2013,2013-04-17,8,15,"photoquadrats",5,0.0625,-44.264283,-0.869867,"decimal degrees","Brazil","BR"
"202","BR:ReefSYN:SISBIOTA-MAR:BrazilianCoast:rgnor_natal_batente_das_agulhas_2013_Video1","BrazilianCoast","rgnor_natal","batente_das_agulhas","batente_das_agulhas",2013,2013-03-26,8,15,"photoquadrats",5,0.0625,-35.0725,-5.56435,"decimal degrees","Brazil","BR"
"203","BR:ReefSYN:SISBIOTA-MAR:BrazilianCoast:rgnor_natal_batente_das_agulhas_2013_Video2","BrazilianCoast","rgnor_natal","batente_das_agulhas","batente_das_agulhas",2013,2013-03-26,8,15,"photoquadrats",5,0.0625,-35.0725,-5.56435,"decimal degrees","Brazil","BR"
"204","BR:ReefSYN:SISBIOTA-MAR:BrazilianCoast:rgnor_natal_batente_das_agulhas_2013_Video4","BrazilianCoast","rgnor_natal","batente_das_agulhas","batente_das_agulhas",2013,2013-03-26,8,15,"photoquadrats",5,0.0625,-35.0725,-5.56435,"decimal degrees","Brazil","BR"
"205","BR:ReefSYN:SISBIOTA-MAR:BrazilianCoast:rgnor_natal_batente_das_agulhas_2013_Video5","BrazilianCoast","rgnor_natal","batente_das_agulhas","batente_das_agulhas",2013,2013-03-26,8,15,"photoquadrats",5,0.0625,-35.0725,-5.56435,"decimal degrees","Brazil","BR"
"206","BR:ReefSYN:SISBIOTA-MAR:BrazilianCoast:rgnor_natal_batente_das_agulhas_2013_Video6","BrazilianCoast","rgnor_natal","batente_das_agulhas","batente_das_agulhas",2013,2013-03-26,8,15,"photoquadrats",5,0.0625,-35.0725,-5.56435,"decimal degrees","Brazil","BR"
"207","BR:ReefSYN:SISBIOTA-MAR:BrazilianCoast:rgnor_natal_batente_das_agulhas_2013_Video7","BrazilianCoast","rgnor_natal","batente_das_agulhas","batente_das_agulhas",2013,2013-03-26,8,15,"photoquadrats",5,0.0625,-35.0725,-5.56435,"decimal degrees","Brazil","BR"
"208","BR:ReefSYN:SISBIOTA-MAR:BrazilianCoast:rgnor_natal_batente_das_agulhas_2013_Video8","BrazilianCoast","rgnor_natal","batente_das_agulhas","batente_das_agulhas",2013,2013-03-26,8,15,"photoquadrats",5,0.0625,-35.0725,-5.56435,"decimal degrees","Brazil","BR"
"209","BR:ReefSYN:SISBIOTA-MAR:BrazilianCoast:rgnor_natal_batente_das_agulhas_2013_Video9","BrazilianCoast","rgnor_natal","batente_das_agulhas","batente_das_agulhas",2013,2013-03-26,8,15,"photoquadrats",5,0.0625,-35.0725,-5.56435,"decimal degrees","Brazil","BR"
"210","BR:ReefSYN:SISBIOTA-MAR:BrazilianCoast:rgnor_natal_pedra_do_silva_2013_Video1","BrazilianCoast","rgnor_natal","pedra_do_silva","pedra_do_silva",2013,NA,8,15,"photoquadrats",5,0.0625,-35.090067,-5.564467,"decimal degrees","Brazil","BR"
"211","BR:ReefSYN:SISBIOTA-MAR:BrazilianCoast:rgnor_natal_pedra_do_silva_2013_Video10","BrazilianCoast","rgnor_natal","pedra_do_silva","pedra_do_silva",2013,NA,8,15,"photoquadrats",5,0.0625,-35.090067,-5.564467,"decimal degrees","Brazil","BR"
"212","BR:ReefSYN:SISBIOTA-MAR:BrazilianCoast:rgnor_natal_pedra_do_silva_2013_Video11","BrazilianCoast","rgnor_natal","pedra_do_silva","pedra_do_silva",2013,NA,8,15,"photoquadrats",5,0.0625,-35.090067,-5.564467,"decimal degrees","Brazil","BR"
"213","BR:ReefSYN:SISBIOTA-MAR:BrazilianCoast:rgnor_natal_pedra_do_silva_2013_Video12","BrazilianCoast","rgnor_natal","pedra_do_silva","pedra_do_silva",2013,NA,8,15,"photoquadrats",5,0.0625,-35.090067,-5.564467,"decimal degrees","Brazil","BR"
"214","BR:ReefSYN:SISBIOTA-MAR:BrazilianCoast:rgnor_natal_pedra_do_silva_2013_Video13","BrazilianCoast","rgnor_natal","pedra_do_silva","pedra_do_silva",2013,NA,8,15,"photoquadrats",5,0.0625,-35.090067,-5.564467,"decimal degrees","Brazil","BR"
"215","BR:ReefSYN:SISBIOTA-MAR:BrazilianCoast:rgnor_natal_pedra_do_silva_2013_Video14","BrazilianCoast","rgnor_natal","pedra_do_silva","pedra_do_silva",2013,NA,8,15,"photoquadrats",5,0.0625,-35.090067,-5.564467,"decimal degrees","Brazil","BR"
"216","BR:ReefSYN:SISBIOTA-MAR:BrazilianCoast:rgnor_natal_pedra_do_silva_2013_Video2","BrazilianCoast","rgnor_natal","pedra_do_silva","pedra_do_silva",2013,NA,8,15,"photoquadrats",5,0.0625,-35.090067,-5.564467,"decimal degrees","Brazil","BR"
"217","BR:ReefSYN:SISBIOTA-MAR:BrazilianCoast:rgnor_natal_pedra_do_silva_2013_Video3","BrazilianCoast","rgnor_natal","pedra_do_silva","pedra_do_silva",2013,NA,8,15,"photoquadrats",5,0.0625,-35.090067,-5.564467,"decimal degrees","Brazil","BR"
"218","BR:ReefSYN:SISBIOTA-MAR:BrazilianCoast:rgnor_natal_pedra_do_silva_2013_Video4","BrazilianCoast","rgnor_natal","pedra_do_silva","pedra_do_silva",2013,NA,8,15,"photoquadrats",5,0.0625,-35.090067,-5.564467,"decimal degrees","Brazil","BR"
"219","BR:ReefSYN:SISBIOTA-MAR:BrazilianCoast:rgnor_natal_pedra_do_silva_2013_Video5","BrazilianCoast","rgnor_natal","pedra_do_silva","pedra_do_silva",2013,NA,8,15,"photoquadrats",5,0.0625,-35.090067,-5.564467,"decimal degrees","Brazil","BR"
"220","BR:ReefSYN:SISBIOTA-MAR:BrazilianCoast:rgnor_natal_pedra_do_silva_2013_Video6","BrazilianCoast","rgnor_natal","pedra_do_silva","pedra_do_silva",2013,NA,8,15,"photoquadrats",5,0.0625,-35.090067,-5.564467,"decimal degrees","Brazil","BR"
"221","BR:ReefSYN:SISBIOTA-MAR:BrazilianCoast:rgnor_natal_pedra_do_silva_2013_Video7","BrazilianCoast","rgnor_natal","pedra_do_silva","pedra_do_silva",2013,NA,8,15,"photoquadrats",5,0.0625,-35.090067,-5.564467,"decimal degrees","Brazil","BR"
"222","BR:ReefSYN:SISBIOTA-MAR:BrazilianCoast:rgnor_natal_pedra_do_silva_2013_Video8","BrazilianCoast","rgnor_natal","pedra_do_silva","pedra_do_silva",2013,NA,8,15,"photoquadrats",5,0.0625,-35.090067,-5.564467,"decimal degrees","Brazil","BR"
"223","BR:ReefSYN:SISBIOTA-MAR:BrazilianCoast:rgnor_natal_pedra_do_silva_2013_Video9","BrazilianCoast","rgnor_natal","pedra_do_silva","pedra_do_silva",2013,NA,8,15,"photoquadrats",5,0.0625,-35.090067,-5.564467,"decimal degrees","Brazil","BR"
"224","BR:ReefSYN:SISBIOTA-MAR:BrazilianCoast:rgnor_parrachos_maracajau_2011_Video1","BrazilianCoast","rgnor_parrachos","maracajau","maracajau",2011,2011-10-16,1,7,"photoquadrats",5,0.0625,-35.258986,-5.394114,"decimal degrees","Brazil","BR"
"225","BR:ReefSYN:SISBIOTA-MAR:BrazilianCoast:rgnor_parrachos_maracajau_2011_Video2","BrazilianCoast","rgnor_parrachos","maracajau","maracajau",2011,2011-10-16,1,7,"photoquadrats",5,0.0625,-35.258986,-5.394114,"decimal degrees","Brazil","BR"
"226","BR:ReefSYN:SISBIOTA-MAR:BrazilianCoast:rgnor_parrachos_maracajau_2011_Video3","BrazilianCoast","rgnor_parrachos","maracajau","maracajau",2011,2011-10-16,1,7,"photoquadrats",5,0.0625,-35.258986,-5.394114,"decimal degrees","Brazil","BR"
"227","BR:ReefSYN:SISBIOTA-MAR:BrazilianCoast:rgnor_parrachos_parrachos_de_rio_do_fogo_2013_Video10","BrazilianCoast","rgnor_parrachos","parrachos_de_rio_do_fogo","parrachos_de_rio_do_fogo",2013,2013-03-29,1,7,"photoquadrats",5,0.0625,-35.363432,-5.262117,"decimal degrees","Brazil","BR"
"228","BR:ReefSYN:SISBIOTA-MAR:BrazilianCoast:rgnor_parrachos_parrachos_de_rio_do_fogo_2013_Video2","BrazilianCoast","rgnor_parrachos","parrachos_de_rio_do_fogo","parrachos_de_rio_do_fogo",2013,2013-03-29,1,7,"photoquadrats",5,0.0625,-35.363432,-5.262117,"decimal degrees","Brazil","BR"
"229","BR:ReefSYN:SISBIOTA-MAR:BrazilianCoast:rgnor_parrachos_parrachos_de_rio_do_fogo_2013_Video3","BrazilianCoast","rgnor_parrachos","parrachos_de_rio_do_fogo","parrachos_de_rio_do_fogo",2013,2013-03-29,1,7,"photoquadrats",5,0.0625,-35.363432,-5.262117,"decimal degrees","Brazil","BR"
"230","BR:ReefSYN:SISBIOTA-MAR:BrazilianCoast:rgnor_parrachos_parrachos_de_rio_do_fogo_2013_Video4","BrazilianCoast","rgnor_parrachos","parrachos_de_rio_do_fogo","parrachos_de_rio_do_fogo",2013,2013-03-29,1,7,"photoquadrats",5,0.0625,-35.363432,-5.262117,"decimal degrees","Brazil","BR"
"231","BR:ReefSYN:SISBIOTA-MAR:BrazilianCoast:rgnor_parrachos_parrachos_de_rio_do_fogo_2013_Video6","BrazilianCoast","rgnor_parrachos","parrachos_de_rio_do_fogo","parrachos_de_rio_do_fogo",2013,2013-03-29,1,7,"photoquadrats",5,0.0625,-35.363432,-5.262117,"decimal degrees","Brazil","BR"
"232","BR:ReefSYN:SISBIOTA-MAR:BrazilianCoast:rgnor_parrachos_parrachos_de_rio_do_fogo_2013_Video7","BrazilianCoast","rgnor_parrachos","parrachos_de_rio_do_fogo","parrachos_de_rio_do_fogo",2013,2013-03-29,1,7,"photoquadrats",5,0.0625,-35.363432,-5.262117,"decimal degrees","Brazil","BR"
"233","BR:ReefSYN:SISBIOTA-MAR:BrazilianCoast:rgnor_parrachos_parrachos_de_rio_do_fogo_2013_Video8","BrazilianCoast","rgnor_parrachos","parrachos_de_rio_do_fogo","parrachos_de_rio_do_fogo",2013,2013-03-29,1,7,"photoquadrats",5,0.0625,-35.363432,-5.262117,"decimal degrees","Brazil","BR"
"234","BR:ReefSYN:SISBIOTA-MAR:BrazilianCoast:rgnor_parrachos_parrachos_de_rio_do_fogo_2013_Video9","BrazilianCoast","rgnor_parrachos","parrachos_de_rio_do_fogo","parrachos_de_rio_do_fogo",2013,2013-03-29,1,7,"photoquadrats",5,0.0625,-35.363432,-5.262117,"decimal degrees","Brazil","BR"
"235","BR:ReefSYN:SISBIOTA-MAR:BrazilianOceanicIslands:noronha_cagarras_2011_Video1","BrazilianOceanicIslands","noronha","cagarras_noronha","cagarras",2011,2011-10-08,5.66666666666667,12.3333333333333,"photoquadrats",5,0.0625,-32.390165,-3.814548,"decimal degrees","Brazil","BR"
"236","BR:ReefSYN:SISBIOTA-MAR:BrazilianOceanicIslands:noronha_cagarras_2011_Video2","BrazilianOceanicIslands","noronha","cagarras_noronha","cagarras",2011,2011-10-08,5.66666666666667,12.3333333333333,"photoquadrats",5,0.0625,-32.390165,-3.814548,"decimal degrees","Brazil","BR"
"237","BR:ReefSYN:SISBIOTA-MAR:BrazilianOceanicIslands:noronha_cagarras_2011_Video3","BrazilianOceanicIslands","noronha","cagarras_noronha","cagarras",2011,2011-10-08,3.8,10.2,"photoquadrats",5,0.0625,-32.390165,-3.814548,"decimal degrees","Brazil","BR"
"238","BR:ReefSYN:SISBIOTA-MAR:BrazilianOceanicIslands:noronha_cagarras_2011_Video4","BrazilianOceanicIslands","noronha","cagarras_noronha","cagarras",2011,2011-10-07,6.25,13,"photoquadrats",5,0.0625,-32.390165,-3.814548,"decimal degrees","Brazil","BR"
"239","BR:ReefSYN:SISBIOTA-MAR:BrazilianOceanicIslands:noronha_cagarras_2011_Video5","BrazilianOceanicIslands","noronha","cagarras_noronha","cagarras",2011,2011-10-08,4.5,11,"photoquadrats",5,0.0625,-32.390165,-3.814548,"decimal degrees","Brazil","BR"
"240","BR:ReefSYN:SISBIOTA-MAR:BrazilianOceanicIslands:noronha_cagarras_2011_Video6","BrazilianOceanicIslands","noronha","cagarras_noronha","cagarras",2011,2011-10-10,1,7,"photoquadrats",5,0.0625,-32.390165,-3.814548,"decimal degrees","Brazil","BR"
"241","BR:ReefSYN:SISBIOTA-MAR:BrazilianOceanicIslands:noronha_cagarras_2011_Video7","BrazilianOceanicIslands","noronha","cagarras_noronha","cagarras",2011,2011-10-10,1,7,"photoquadrats",5,0.0625,-32.390165,-3.814548,"decimal degrees","Brazil","BR"
"242","BR:ReefSYN:SISBIOTA-MAR:BrazilianOceanicIslands:noronha_conceicao_2011_Filmagem1","BrazilianOceanicIslands","noronha","conceicao","conceicao",2011,NA,4.5,11,"photoquadrats",5,0.0625,-32.414963,-3.83904,"decimal degrees","Brazil","BR"
"243","BR:ReefSYN:SISBIOTA-MAR:BrazilianOceanicIslands:noronha_conceicao_2011_Filmagem2","BrazilianOceanicIslands","noronha","conceicao","conceicao",2011,NA,1,7,"photoquadrats",5,0.0625,-32.414963,-3.83904,"decimal degrees","Brazil","BR"
"244","BR:ReefSYN:SISBIOTA-MAR:BrazilianOceanicIslands:noronha_conceicao_2011_FIlmagem2","BrazilianOceanicIslands","noronha","conceicao","conceicao",2011,NA,8,15,"photoquadrats",5,0.0625,-32.414963,-3.83904,"decimal degrees","Brazil","BR"
"245","BR:ReefSYN:SISBIOTA-MAR:BrazilianOceanicIslands:noronha_conceicao_2011_Filmagem3","BrazilianOceanicIslands","noronha","conceicao","conceicao",2011,NA,8,15,"photoquadrats",5,0.0625,-32.414963,-3.83904,"decimal degrees","Brazil","BR"
"246","BR:ReefSYN:SISBIOTA-MAR:BrazilianOceanicIslands:noronha_conceicao_2011_Filmagem4","BrazilianOceanicIslands","noronha","conceicao","conceicao",2011,NA,1,7,"photoquadrats",5,0.0625,-32.414963,-3.83904,"decimal degrees","Brazil","BR"
"247","BR:ReefSYN:SISBIOTA-MAR:BrazilianOceanicIslands:noronha_conceicao_2011_Video1","BrazilianOceanicIslands","noronha","conceicao","conceicao",2011,2011-10-03,4.5,11,"photoquadrats",5,0.0625,-32.414963,-3.83904,"decimal degrees","Brazil","BR"
"248","BR:ReefSYN:SISBIOTA-MAR:BrazilianOceanicIslands:noronha_conceicao_2011_Video2","BrazilianOceanicIslands","noronha","conceicao","conceicao",2011,2011-10-04,4,10.4285714285714,"photoquadrats",5,0.0625,-32.414963,-3.83904,"decimal degrees","Brazil","BR"
"249","BR:ReefSYN:SISBIOTA-MAR:BrazilianOceanicIslands:noronha_conceicao_2011_Video3","BrazilianOceanicIslands","noronha","conceicao","conceicao",2011,2011-10-04,5.66666666666667,12.3333333333333,"photoquadrats",5,0.0625,-32.414963,-3.83904,"decimal degrees","Brazil","BR"
"250","BR:ReefSYN:SISBIOTA-MAR:BrazilianOceanicIslands:noronha_conceicao_2011_Video4","BrazilianOceanicIslands","noronha","conceicao","conceicao",2011,2011-10-04,4.5,11,"photoquadrats",5,0.0625,-32.414963,-3.83904,"decimal degrees","Brazil","BR"
"251","BR:ReefSYN:SISBIOTA-MAR:BrazilianOceanicIslands:noronha_conceicao_2011_VIdeo4","BrazilianOceanicIslands","noronha","conceicao","conceicao",2011,2011-10-04,8,15,"photoquadrats",5,0.0625,-32.414963,-3.83904,"decimal degrees","Brazil","BR"
"252","BR:ReefSYN:SISBIOTA-MAR:BrazilianOceanicIslands:noronha_conceicao_2011_Video5","BrazilianOceanicIslands","noronha","conceicao","conceicao",2011,2011-10-04,4.5,11,"photoquadrats",5,0.0625,-32.414963,-3.83904,"decimal degrees","Brazil","BR"
"253","BR:ReefSYN:SISBIOTA-MAR:BrazilianOceanicIslands:noronha_sueste_2011_Video1","BrazilianOceanicIslands","noronha","sueste","sueste",2011,2011-10-07,1,7,"photoquadrats",5,0.0625,-32.422785,-3.86684,"decimal degrees","Brazil","BR"
"254","BR:ReefSYN:SISBIOTA-MAR:BrazilianOceanicIslands:noronha_sueste_2011_Video2","BrazilianOceanicIslands","noronha","sueste","sueste",2011,2011-10-08,1,7,"photoquadrats",5,0.0625,-32.422785,-3.86684,"decimal degrees","Brazil","BR"
"255","BR:ReefSYN:SISBIOTA-MAR:BrazilianOceanicIslands:noronha_sueste_2011_Video3","BrazilianOceanicIslands","noronha","sueste","sueste",2011,2011-10-08,1,7,"photoquadrats",5,0.0625,-32.422785,-3.86684,"decimal degrees","Brazil","BR"
"256","BR:ReefSYN:SISBIOTA-MAR:BrazilianOceanicIslands:noronha_sueste_2011_Video4","BrazilianOceanicIslands","noronha","sueste","sueste",2011,2011-10-08,1,7,"photoquadrats",5,0.0625,-32.422785,-3.86684,"decimal degrees","Brazil","BR"
"257","BR:ReefSYN:SISBIOTA-MAR:BrazilianOceanicIslands:noronha_sueste_2011_Video5","BrazilianOceanicIslands","noronha","sueste","sueste",2011,2011-10-08,1,7,"photoquadrats",5,0.0625,-32.422785,-3.86684,"decimal degrees","Brazil","BR"
"258","BR:ReefSYN:SISBIOTA-MAR:BrazilianOceanicIslands:noronha_sueste_2011_Video6","BrazilianOceanicIslands","noronha","sueste","sueste",2011,2011-10-08,1,7,"photoquadrats",5,0.0625,-32.422785,-3.86684,"decimal degrees","Brazil","BR"
"259","BR:ReefSYN:SISBIOTA-MAR:BrazilianOceanicIslands:noronha_sueste_2011_Video7","BrazilianOceanicIslands","noronha","sueste","sueste",2011,2011-10-07,1,7,"photoquadrats",5,0.0625,-32.422785,-3.86684,"decimal degrees","Brazil","BR"
"260","BR:ReefSYN:SISBIOTA-MAR:BrazilianOceanicIslands:rocas_ancoras_2010_Video1","BrazilianOceanicIslands","rocas","ancoras","ancoras",2010,2010-01-29,1,7,"photoquadrats",5,0.0625,-33.80355,-3.875172222,"decimal degrees","Brazil","BR"
"261","BR:ReefSYN:SISBIOTA-MAR:BrazilianOceanicIslands:rocas_ancoras_2010_Video2","BrazilianOceanicIslands","rocas","ancoras","ancoras",2010,2010-01-29,1,7,"photoquadrats",5,0.0625,-33.80355,-3.875172222,"decimal degrees","Brazil","BR"
"262","BR:ReefSYN:SISBIOTA-MAR:BrazilianOceanicIslands:rocas_ancoras_2010_Video3","BrazilianOceanicIslands","rocas","ancoras","ancoras",2010,2010-01-27,1,7,"photoquadrats",5,0.0625,-33.80355,-3.875172222,"decimal degrees","Brazil","BR"
"263","BR:ReefSYN:SISBIOTA-MAR:BrazilianOceanicIslands:rocas_ancoras_2010_Video4","BrazilianOceanicIslands","rocas","ancoras","ancoras",2010,2010-01-27,1,7,"photoquadrats",5,0.0625,-33.80355,-3.875172222,"decimal degrees","Brazil","BR"
"264","BR:ReefSYN:SISBIOTA-MAR:BrazilianOceanicIslands:rocas_ancoras_2010_Video5","BrazilianOceanicIslands","rocas","ancoras","ancoras",2010,2010-01-27,1,7,"photoquadrats",5,0.0625,-33.80355,-3.875172222,"decimal degrees","Brazil","BR"
"265","BR:ReefSYN:SISBIOTA-MAR:BrazilianOceanicIslands:rocas_falsa_barreta_2012_Video1","BrazilianOceanicIslands","rocas","falsa_barreta","falsa_barreta",2012,2012-01-25,1,7,"photoquadrats",5,0.0625,-33.81884444,-3.860347222,"decimal degrees","Brazil","BR"
"266","BR:ReefSYN:SISBIOTA-MAR:BrazilianOceanicIslands:rocas_falsa_barreta_2012_Video2","BrazilianOceanicIslands","rocas","falsa_barreta","falsa_barreta",2012,2012-01-25,1,7,"photoquadrats",5,0.0625,-33.81884444,-3.860347222,"decimal degrees","Brazil","BR"
"267","BR:ReefSYN:SISBIOTA-MAR:BrazilianOceanicIslands:rocas_falsa_barreta_2012_Video3","BrazilianOceanicIslands","rocas","falsa_barreta","falsa_barreta",2012,2012-01-23,1,7,"photoquadrats",5,0.0625,-33.81884444,-3.860347222,"decimal degrees","Brazil","BR"
"268","BR:ReefSYN:SISBIOTA-MAR:BrazilianOceanicIslands:rocas_falsa_barreta_2012_Video4","BrazilianOceanicIslands","rocas","falsa_barreta","falsa_barreta",2012,2012-01-23,1,7,"photoquadrats",5,0.0625,-33.81884444,-3.860347222,"decimal degrees","Brazil","BR"
"269","BR:ReefSYN:SISBIOTA-MAR:BrazilianOceanicIslands:rocas_falsa_barreta_2012_Video5","BrazilianOceanicIslands","rocas","falsa_barreta","falsa_barreta",2012,2012-01-23,1,7,"photoquadrats",5,0.0625,-33.81884444,-3.860347222,"decimal degrees","Brazil","BR"
"270","BR:ReefSYN:SISBIOTA-MAR:BrazilianOceanicIslands:rocas_falsa_barreta_2012_Video6","BrazilianOceanicIslands","rocas","falsa_barreta","falsa_barreta",2012,2012-01-23,1,7,"photoquadrats",5,0.0625,-33.81884444,-3.860347222,"decimal degrees","Brazil","BR"
"271","BR:ReefSYN:SISBIOTA-MAR:BrazilianOceanicIslands:rocas_piscina_das_rocas_2010_Video1","BrazilianOceanicIslands","rocas","piscina_das_rocas","piscina_das_rocas",2010,2010-02-08,1,7,"photoquadrats",5,0.0625,-33.79191111,-3.86895,"decimal degrees","Brazil","BR"
"272","BR:ReefSYN:SISBIOTA-MAR:BrazilianOceanicIslands:rocas_piscina_das_rocas_2010_Video2","BrazilianOceanicIslands","rocas","piscina_das_rocas","piscina_das_rocas",2010,2010-02-08,1,7,"photoquadrats",5,0.0625,-33.79191111,-3.86895,"decimal degrees","Brazil","BR"
"273","BR:ReefSYN:SISBIOTA-MAR:BrazilianOceanicIslands:rocas_piscina_das_rocas_2010_Video3","BrazilianOceanicIslands","rocas","piscina_das_rocas","piscina_das_rocas",2010,2010-02-08,1,7,"photoquadrats",5,0.0625,-33.79191111,-3.86895,"decimal degrees","Brazil","BR"
"274","BR:ReefSYN:SISBIOTA-MAR:BrazilianOceanicIslands:rocas_piscina_das_rocas_2010_Video4","BrazilianOceanicIslands","rocas","piscina_das_rocas","piscina_das_rocas",2010,2010-02-08,1,7,"photoquadrats",5,0.0625,-33.79191111,-3.86895,"decimal degrees","Brazil","BR"
"275","BR:ReefSYN:SISBIOTA-MAR:BrazilianOceanicIslands:rocas_piscina_das_rocas_2010_Video5","BrazilianOceanicIslands","rocas","piscina_das_rocas","piscina_das_rocas",2010,2010-02-08,1,7,"photoquadrats",5,0.0625,-33.79191111,-3.86895,"decimal degrees","Brazil","BR"
"276","BR:ReefSYN:SISBIOTA-MAR:BrazilianOceanicIslands:rocas_podes_crer_2010_Video1","BrazilianOceanicIslands","rocas","podes_crer","podes_crer",2010,2010-01-27,1,7,"photoquadrats",5,0.0625,-33.81225833,-3.872955556,"decimal degrees","Brazil","BR"
"277","BR:ReefSYN:SISBIOTA-MAR:BrazilianOceanicIslands:rocas_podes_crer_2010_Video2","BrazilianOceanicIslands","rocas","podes_crer","podes_crer",2010,2010-01-27,1,7,"photoquadrats",5,0.0625,-33.81225833,-3.872955556,"decimal degrees","Brazil","BR"
"278","BR:ReefSYN:SISBIOTA-MAR:BrazilianOceanicIslands:rocas_podes_crer_2010_Video3","BrazilianOceanicIslands","rocas","podes_crer","podes_crer",2010,2010-01-27,1,7,"photoquadrats",5,0.0625,-33.81225833,-3.872955556,"decimal degrees","Brazil","BR"
"279","BR:ReefSYN:SISBIOTA-MAR:BrazilianOceanicIslands:rocas_podes_crer_2010_Video4","BrazilianOceanicIslands","rocas","podes_crer","podes_crer",2010,2010-01-26,1,7,"photoquadrats",5,0.0625,-33.81225833,-3.872955556,"decimal degrees","Brazil","BR"
"280","BR:ReefSYN:SISBIOTA-MAR:BrazilianOceanicIslands:rocas_podes_crer_2010_Video5","BrazilianOceanicIslands","rocas","podes_crer","podes_crer",2010,2010-01-26,1,7,"photoquadrats",5,0.0625,-33.81225833,-3.872955556,"decimal degrees","Brazil","BR"
"281","BR:ReefSYN:SISBIOTA-MAR:BrazilianOceanicIslands:rocas_salao_2010_Video1","BrazilianOceanicIslands","rocas","salao","salao",2010,2010-01-28,8,15,"photoquadrats",5,0.0625,-33.80944167,-3.874725,"decimal degrees","Brazil","BR"
"282","BR:ReefSYN:SISBIOTA-MAR:BrazilianOceanicIslands:rocas_salao_2010_Video2","BrazilianOceanicIslands","rocas","salao","salao",2010,2010-01-28,8,15,"photoquadrats",5,0.0625,-33.80944167,-3.874725,"decimal degrees","Brazil","BR"
"283","BR:ReefSYN:SISBIOTA-MAR:BrazilianOceanicIslands:rocas_salao_2010_Video3","BrazilianOceanicIslands","rocas","salao","salao",2010,2010-01-28,8,15,"photoquadrats",5,0.0625,-33.80944167,-3.874725,"decimal degrees","Brazil","BR"
"284","BR:ReefSYN:SISBIOTA-MAR:BrazilianOceanicIslands:rocas_salao_2010_Video4","BrazilianOceanicIslands","rocas","salao","salao",2010,2010-01-28,8,15,"photoquadrats",5,0.0625,-33.80944167,-3.874725,"decimal degrees","Brazil","BR"
"285","BR:ReefSYN:SISBIOTA-MAR:BrazilianOceanicIslands:rocas_tartarugas_2010_Video1","BrazilianOceanicIslands","rocas","tartarugas","tartarugas",2010,2010-01-24,1,7,"photoquadrats",5,0.0625,-33.80944167,-3.872986111,"decimal degrees","Brazil","BR"
"286","BR:ReefSYN:SISBIOTA-MAR:BrazilianOceanicIslands:rocas_tartarugas_2010_Video2","BrazilianOceanicIslands","rocas","tartarugas","tartarugas",2010,2010-01-23,1,7,"photoquadrats",5,0.0625,-33.80944167,-3.872986111,"decimal degrees","Brazil","BR"
"287","BR:ReefSYN:SISBIOTA-MAR:BrazilianOceanicIslands:rocas_tartarugas_2010_Video3","BrazilianOceanicIslands","rocas","tartarugas","tartarugas",2010,2010-01-25,1,7,"photoquadrats",5,0.0625,-33.80944167,-3.872986111,"decimal degrees","Brazil","BR"
"288","BR:ReefSYN:SISBIOTA-MAR:BrazilianOceanicIslands:rocas_tartarugas_2010_Video4","BrazilianOceanicIslands","rocas","tartarugas","tartarugas",2010,2010-01-25,1,7,"photoquadrats",5,0.0625,-33.80944167,-3.872986111,"decimal degrees","Brazil","BR"
"289","BR:ReefSYN:SISBIOTA-MAR:BrazilianOceanicIslands:rocas_tartarugas_2010_Video5","BrazilianOceanicIslands","rocas","tartarugas","tartarugas",2010,2010-01-25,1,7,"photoquadrats",5,0.0625,-33.80944167,-3.872986111,"decimal degrees","Brazil","BR"
"290","BR:ReefSYN:SISBIOTA-MAR:BrazilianOceanicIslands:trindade_calheta_2012_Video1","BrazilianOceanicIslands","trindade","calheta","calheta",2012,2012-06-18,8,15,"photoquadrats",5,0.0625,-29.310286,-20.507457,"decimal degrees","Brazil","BR"
"291","BR:ReefSYN:SISBIOTA-MAR:BrazilianOceanicIslands:trindade_calheta_2012_Video10","BrazilianOceanicIslands","trindade","calheta","calheta",2012,2012-07-21,1,7,"photoquadrats",5,0.0625,-29.310286,-20.507457,"decimal degrees","Brazil","BR"
"292","BR:ReefSYN:SISBIOTA-MAR:BrazilianOceanicIslands:trindade_calheta_2012_Video11","BrazilianOceanicIslands","trindade","calheta","calheta",2012,2012-07-21,1,7,"photoquadrats",5,0.0625,-29.310286,-20.507457,"decimal degrees","Brazil","BR"
"293","BR:ReefSYN:SISBIOTA-MAR:BrazilianOceanicIslands:trindade_calheta_2012_Video12","BrazilianOceanicIslands","trindade","calheta","calheta",2012,2012-07-21,1,7,"photoquadrats",5,0.0625,-29.310286,-20.507457,"decimal degrees","Brazil","BR"
"294","BR:ReefSYN:SISBIOTA-MAR:BrazilianOceanicIslands:trindade_calheta_2012_Video13","BrazilianOceanicIslands","trindade","calheta","calheta",2012,2012-07-21,1,7,"photoquadrats",5,0.0625,-29.310286,-20.507457,"decimal degrees","Brazil","BR"
"295","BR:ReefSYN:SISBIOTA-MAR:BrazilianOceanicIslands:trindade_calheta_2012_Video14","BrazilianOceanicIslands","trindade","calheta","calheta",2012,2012-07-21,1,7,"photoquadrats",5,0.0625,-29.310286,-20.507457,"decimal degrees","Brazil","BR"
"296","BR:ReefSYN:SISBIOTA-MAR:BrazilianOceanicIslands:trindade_calheta_2012_Video15","BrazilianOceanicIslands","trindade","calheta","calheta",2012,2012-07-21,1,7,"photoquadrats",5,0.0625,-29.310286,-20.507457,"decimal degrees","Brazil","BR"
"297","BR:ReefSYN:SISBIOTA-MAR:BrazilianOceanicIslands:trindade_calheta_2012_Video2","BrazilianOceanicIslands","trindade","calheta","calheta",2012,2012-06-18,8,15,"photoquadrats",5,0.0625,-29.310286,-20.507457,"decimal degrees","Brazil","BR"
"298","BR:ReefSYN:SISBIOTA-MAR:BrazilianOceanicIslands:trindade_calheta_2012_Video29","BrazilianOceanicIslands","trindade","calheta","calheta",2012,2012-06-26,8,15,"photoquadrats",5,0.0625,-29.310286,-20.507457,"decimal degrees","Brazil","BR"
"299","BR:ReefSYN:SISBIOTA-MAR:BrazilianOceanicIslands:trindade_calheta_2012_Video3","BrazilianOceanicIslands","trindade","calheta","calheta",2012,2012-07-03,4.5,11,"photoquadrats",5,0.0625,-29.310286,-20.507457,"decimal degrees","Brazil","BR"
"300","BR:ReefSYN:SISBIOTA-MAR:BrazilianOceanicIslands:trindade_calheta_2012_Video30","BrazilianOceanicIslands","trindade","calheta","calheta",2012,2012-06-26,8,15,"photoquadrats",5,0.0625,-29.310286,-20.507457,"decimal degrees","Brazil","BR"
"301","BR:ReefSYN:SISBIOTA-MAR:BrazilianOceanicIslands:trindade_calheta_2012_Video32","BrazilianOceanicIslands","trindade","calheta","calheta",2012,2012-06-26,8,15,"photoquadrats",5,0.0625,-29.310286,-20.507457,"decimal degrees","Brazil","BR"
"302","BR:ReefSYN:SISBIOTA-MAR:BrazilianOceanicIslands:trindade_calheta_2012_Video33","BrazilianOceanicIslands","trindade","calheta","calheta",2012,2012-06-26,8,15,"photoquadrats",5,0.0625,-29.310286,-20.507457,"decimal degrees","Brazil","BR"
"303","BR:ReefSYN:SISBIOTA-MAR:BrazilianOceanicIslands:trindade_calheta_2012_Video34","BrazilianOceanicIslands","trindade","calheta","calheta",2012,2012-06-26,8,15,"photoquadrats",5,0.0625,-29.310286,-20.507457,"decimal degrees","Brazil","BR"
"304","BR:ReefSYN:SISBIOTA-MAR:BrazilianOceanicIslands:trindade_calheta_2012_Video35","BrazilianOceanicIslands","trindade","calheta","calheta",2012,2012-06-26,8,15,"photoquadrats",5,0.0625,-29.310286,-20.507457,"decimal degrees","Brazil","BR"
"305","BR:ReefSYN:SISBIOTA-MAR:BrazilianOceanicIslands:trindade_calheta_2012_Video36","BrazilianOceanicIslands","trindade","calheta","calheta",2012,2012-06-26,8,15,"photoquadrats",5,0.0625,-29.310286,-20.507457,"decimal degrees","Brazil","BR"
"306","BR:ReefSYN:SISBIOTA-MAR:BrazilianOceanicIslands:trindade_calheta_2012_Video4","BrazilianOceanicIslands","trindade","calheta","calheta",2012,2012-07-03,4.5,11,"photoquadrats",5,0.0625,-29.310286,-20.507457,"decimal degrees","Brazil","BR"
"307","BR:ReefSYN:SISBIOTA-MAR:BrazilianOceanicIslands:trindade_calheta_2012_Video5","BrazilianOceanicIslands","trindade","calheta","calheta",2012,2012-07-03,4.5,11,"photoquadrats",5,0.0625,-29.310286,-20.507457,"decimal degrees","Brazil","BR"
"308","BR:ReefSYN:SISBIOTA-MAR:BrazilianOceanicIslands:trindade_calheta_2012_Video6","BrazilianOceanicIslands","trindade","calheta","calheta",2012,2012-06-18,8,15,"photoquadrats",5,0.0625,-29.310286,-20.507457,"decimal degrees","Brazil","BR"
"309","BR:ReefSYN:SISBIOTA-MAR:BrazilianOceanicIslands:trindade_calheta_2012_Video8","BrazilianOceanicIslands","trindade","calheta","calheta",2012,2012-07-21,1,7,"photoquadrats",5,0.0625,-29.310286,-20.507457,"decimal degrees","Brazil","BR"
"310","BR:ReefSYN:SISBIOTA-MAR:BrazilianOceanicIslands:trindade_calheta_2012_Video9","BrazilianOceanicIslands","trindade","calheta","calheta",2012,2012-07-21,1,7,"photoquadrats",5,0.0625,-29.310286,-20.507457,"decimal degrees","Brazil","BR"
"311","BR:ReefSYN:SISBIOTA-MAR:BrazilianOceanicIslands:trindade_farilhoes_2012_","BrazilianOceanicIslands","trindade","farrilhoes","farilhoes",2012,2012-07-04,1,7,"photoquadrats",5,0.0625,-29.497889,-20.522617,"decimal degrees","Brazil","BR"
"312","BR:ReefSYN:SISBIOTA-MAR:BrazilianOceanicIslands:trindade_farilhoes_2012_Video28","BrazilianOceanicIslands","trindade","farrilhoes","farilhoes",2012,2012-07-25,1,7,"photoquadrats",5,0.0625,-29.497889,-20.522617,"decimal degrees","Brazil","BR"
"313","BR:ReefSYN:SISBIOTA-MAR:BrazilianOceanicIslands:trindade_farilhoes_2012_Video29","BrazilianOceanicIslands","trindade","farrilhoes","farilhoes",2012,2012-07-25,1,7,"photoquadrats",5,0.0625,-29.497889,-20.522617,"decimal degrees","Brazil","BR"
"314","BR:ReefSYN:SISBIOTA-MAR:BrazilianOceanicIslands:trindade_farilhoes_2012_Video46","BrazilianOceanicIslands","trindade","farrilhoes","farilhoes",2012,2012-07-02,8,15,"photoquadrats",5,0.0625,-29.497889,-20.522617,"decimal degrees","Brazil","BR"
"315","BR:ReefSYN:SISBIOTA-MAR:BrazilianOceanicIslands:trindade_farilhoes_2012_Video47","BrazilianOceanicIslands","trindade","farrilhoes","farilhoes",2012,2012-07-02,8,15,"photoquadrats",5,0.0625,-29.497889,-20.522617,"decimal degrees","Brazil","BR"
"316","BR:ReefSYN:SISBIOTA-MAR:BrazilianOceanicIslands:trindade_farilhoes_2012_Video48","BrazilianOceanicIslands","trindade","farrilhoes","farilhoes",2012,2012-07-02,8,15,"photoquadrats",5,0.0625,-29.497889,-20.522617,"decimal degrees","Brazil","BR"
"317","BR:ReefSYN:SISBIOTA-MAR:BrazilianOceanicIslands:trindade_farilhoes_2012_Video49","BrazilianOceanicIslands","trindade","farrilhoes","farilhoes",2012,2012-07-02,8,15,"photoquadrats",5,0.0625,-29.497889,-20.522617,"decimal degrees","Brazil","BR"
"318","BR:ReefSYN:SISBIOTA-MAR:BrazilianOceanicIslands:trindade_farilhoes_2012_Video50","BrazilianOceanicIslands","trindade","farrilhoes","farilhoes",2012,2012-07-02,8,15,"photoquadrats",5,0.0625,-29.497889,-20.522617,"decimal degrees","Brazil","BR"
"319","BR:ReefSYN:SISBIOTA-MAR:BrazilianOceanicIslands:trindade_farilhoes_2012_Video51","BrazilianOceanicIslands","trindade","farrilhoes","farilhoes",2012,2012-07-02,8,15,"photoquadrats",5,0.0625,-29.497889,-20.522617,"decimal degrees","Brazil","BR"
"320","BR:ReefSYN:SISBIOTA-MAR:BrazilianOceanicIslands:trindade_farilhoes_2012_Video52","BrazilianOceanicIslands","trindade","farrilhoes","farilhoes",2012,2012-07-02,8,15,"photoquadrats",5,0.0625,-29.497889,-20.522617,"decimal degrees","Brazil","BR"
"321","BR:ReefSYN:SISBIOTA-MAR:BrazilianOceanicIslands:trindade_farilhoes_2012_Video55","BrazilianOceanicIslands","trindade","farrilhoes","farilhoes",2012,2012-07-04,1,7,"photoquadrats",5,0.0625,-29.497889,-20.522617,"decimal degrees","Brazil","BR"
"322","BR:ReefSYN:SISBIOTA-MAR:BrazilianOceanicIslands:trindade_farilhoes_2012_Video57","BrazilianOceanicIslands","trindade","farrilhoes","farilhoes",2012,2012-07-04,1,7,"photoquadrats",5,0.0625,-29.497889,-20.522617,"decimal degrees","Brazil","BR"
"323","BR:ReefSYN:SISBIOTA-MAR:BrazilianOceanicIslands:trindade_farilhoes_2012_Video58","BrazilianOceanicIslands","trindade","farrilhoes","farilhoes",2012,2012-07-04,1,7,"photoquadrats",5,0.0625,-29.497889,-20.522617,"decimal degrees","Brazil","BR"
"324","BR:ReefSYN:SISBIOTA-MAR:BrazilianOceanicIslands:trindade_farilhoes_2012_Video59","BrazilianOceanicIslands","trindade","farrilhoes","farilhoes",2012,2012-07-04,1,7,"photoquadrats",5,0.0625,-29.497889,-20.522617,"decimal degrees","Brazil","BR"
"325","BR:ReefSYN:SISBIOTA-MAR:BrazilianOceanicIslands:trindade_farilhoes_2012_Video60","BrazilianOceanicIslands","trindade","farrilhoes","farilhoes",2012,2012-07-04,1,7,"photoquadrats",5,0.0625,-29.497889,-20.522617,"decimal degrees","Brazil","BR"
"326","BR:ReefSYN:SISBIOTA-MAR:BrazilianOceanicIslands:trindade_farilhoes_2012_Video61","BrazilianOceanicIslands","trindade","farrilhoes","farilhoes",2012,2012-07-04,1,7,"photoquadrats",5,0.0625,-29.497889,-20.522617,"decimal degrees","Brazil","BR"
"327","BR:ReefSYN:SISBIOTA-MAR:BrazilianOceanicIslands:trindade_farilhoes_2012_Video62","BrazilianOceanicIslands","trindade","farrilhoes","farilhoes",2012,2012-08-14,8,15,"photoquadrats",5,0.0625,-29.497889,-20.522617,"decimal degrees","Brazil","BR"
"328","BR:ReefSYN:SISBIOTA-MAR:BrazilianOceanicIslands:trindade_orelhas_2012_Video17","BrazilianOceanicIslands","trindade","orelha","orelhas",2012,2012-06-22,8,15,"photoquadrats",5,0.0625,-29.343099,-20.492485,"decimal degrees","Brazil","BR"
"329","BR:ReefSYN:SISBIOTA-MAR:BrazilianOceanicIslands:trindade_orelhas_2012_Video18","BrazilianOceanicIslands","trindade","orelha","orelhas",2012,2012-06-22,8,15,"photoquadrats",5,0.0625,-29.343099,-20.492485,"decimal degrees","Brazil","BR"
"330","BR:ReefSYN:SISBIOTA-MAR:BrazilianOceanicIslands:trindade_orelhas_2012_Video19","BrazilianOceanicIslands","trindade","orelha","orelhas",2012,2012-06-22,8,15,"photoquadrats",5,0.0625,-29.343099,-20.492485,"decimal degrees","Brazil","BR"
"331","BR:ReefSYN:SISBIOTA-MAR:BrazilianOceanicIslands:trindade_orelhas_2012_Video20","BrazilianOceanicIslands","trindade","orelha","orelhas",2012,2012-06-22,8,15,"photoquadrats",5,0.0625,-29.343099,-20.492485,"decimal degrees","Brazil","BR"
"332","BR:ReefSYN:SISBIOTA-MAR:BrazilianOceanicIslands:trindade_orelhas_2012_Video21","BrazilianOceanicIslands","trindade","orelha","orelhas",2012,2012-06-22,8,15,"photoquadrats",5,0.0625,-29.343099,-20.492485,"decimal degrees","Brazil","BR"
"333","BR:ReefSYN:SISBIOTA-MAR:BrazilianOceanicIslands:trindade_orelhas_2012_Video22","BrazilianOceanicIslands","trindade","orelha","orelhas",2012,2012-06-22,8,15,"photoquadrats",5,0.0625,-29.343099,-20.492485,"decimal degrees","Brazil","BR"
"334","BR:ReefSYN:SISBIOTA-MAR:BrazilianOceanicIslands:trindade_orelhas_2012_Video24","BrazilianOceanicIslands","trindade","orelha","orelhas",2012,2012-07-25,8,15,"photoquadrats",5,0.0625,-29.343099,-20.492485,"decimal degrees","Brazil","BR"
"335","BR:ReefSYN:SISBIOTA-MAR:BrazilianOceanicIslands:trindade_orelhas_2012_Video25","BrazilianOceanicIslands","trindade","orelha","orelhas",2012,2012-07-25,8,15,"photoquadrats",5,0.0625,-29.343099,-20.492485,"decimal degrees","Brazil","BR"
"336","BR:ReefSYN:SISBIOTA-MAR:BrazilianOceanicIslands:trindade_orelhas_2012_Video32","BrazilianOceanicIslands","trindade","orelha","orelhas",2012,2012-07-25,1,7,"photoquadrats",5,0.0625,-29.343099,-20.492485,"decimal degrees","Brazil","BR"
"337","BR:ReefSYN:SISBIOTA-MAR:BrazilianOceanicIslands:trindade_orelhas_2012_Video51","BrazilianOceanicIslands","trindade","orelha","orelhas",2012,2012-08-10,8,15,"photoquadrats",5,0.0625,-29.343099,-20.492485,"decimal degrees","Brazil","BR"
"338","BR:ReefSYN:SISBIOTA-MAR:BrazilianOceanicIslands:trindade_orelhas_2012_Video52","BrazilianOceanicIslands","trindade","orelha","orelhas",2012,2012-08-10,8,15,"photoquadrats",5,0.0625,-29.343099,-20.492485,"decimal degrees","Brazil","BR"
"339","BR:ReefSYN:SISBIOTA-MAR:BrazilianOceanicIslands:trindade_orelhas_2012_Video53","BrazilianOceanicIslands","trindade","orelha","orelhas",2012,2012-08-10,8,15,"photoquadrats",5,0.0625,-29.343099,-20.492485,"decimal degrees","Brazil","BR"
"340","BR:ReefSYN:SISBIOTA-MAR:BrazilianOceanicIslands:trindade_orelhas_2012_Video54","BrazilianOceanicIslands","trindade","orelha","orelhas",2012,2012-08-10,8,15,"photoquadrats",5,0.0625,-29.343099,-20.492485,"decimal degrees","Brazil","BR"
"341","BR:ReefSYN:SISBIOTA-MAR:BrazilianOceanicIslands:trindade_orelhas_2012_Video55","BrazilianOceanicIslands","trindade","orelha","orelhas",2012,2012-08-10,8,15,"photoquadrats",5,0.0625,-29.343099,-20.492485,"decimal degrees","Brazil","BR"
"342","BR:ReefSYN:SISBIOTA-MAR:BrazilianOceanicIslands:trindade_orelhas_2012_Video64","BrazilianOceanicIslands","trindade","orelha","orelhas",2012,2012-07-05,8,15,"photoquadrats",5,0.0625,-29.343099,-20.492485,"decimal degrees","Brazil","BR"
"343","BR:ReefSYN:SISBIOTA-MAR:BrazilianOceanicIslands:trindade_orelhas_2012_Video65","BrazilianOceanicIslands","trindade","orelha","orelhas",2012,2012-07-05,1,7,"photoquadrats",5,0.0625,-29.343099,-20.492485,"decimal degrees","Brazil","BR"
"344","BR:ReefSYN:SISBIOTA-MAR:BrazilianOceanicIslands:trindade_orelhas_2012_Video66","BrazilianOceanicIslands","trindade","orelha","orelhas",2012,2012-07-05,1,7,"photoquadrats",5,0.0625,-29.343099,-20.492485,"decimal degrees","Brazil","BR"
"345","BR:ReefSYN:SISBIOTA-MAR:BrazilianOceanicIslands:trindade_orelhas_2012_Video67","BrazilianOceanicIslands","trindade","orelha","orelhas",2012,2012-07-05,8,15,"photoquadrats",5,0.0625,-29.343099,-20.492485,"decimal degrees","Brazil","BR"
